Evacuee_Node,Assigned_Shelter,Family_Size,Effective_Weight,Path_Nodes
12210279308,5869381259,8,3522.77,"[12210279308, 12210279297, 12210279280, 8932179017, 11192744913, 4996598793, 4999002625, 5858973129, 4996598773, 4996598764, 5869375074, 5859722621, 5869305991, 5869305990, 5869381259]"
9948746963,12058424929,5,12766.99,"[9948746963, 5886438772, 5886438769, 7478282767, 12220736909, 7489463472, 5647447912, 11870168134, 8061506221, 5647447879, 11029831135, 5647447863, 6193835103, 4385251371, 4385251354, 4385251350, 12220736481, 12220736453, 1511988202, 1511988196, 12220736516, 5631961537, 5662605504, 5632466817, 7483650483, 5662592833, 5631961552, 5634136590, 1537939421, 7483650473, 1537939338, 12021271341, 5662551760, 12053275981, 1537939464, 5645235625, 12054223305, 5645235622, 12054223331, 5242556537, 7473257035, 5987612143, 7498216577, 5645265643, 7498216581, 5656924502, 5023852300, 5987611545, 5987611386, 5656924503, 4385129244, 8918609429, 4385129182, 4385129131, 4385129167, 11511272781, 4385129153, 12054223610, 5987611389, 7484740760, 7484740761, 7484740762, 7473576313, 7485105557, 7473576308, 7484740757, 12031126264, 12031143770, 12031126267, 12058285769, 12058285772, 7484367737, 7485105556, 1511950238, 1511950236, 7478338005, 12475222425, 1511950202, 12058290628, 12058290656, 7516563799, 12058290637, 4382169854, 7497221978, 7505169115, 7505169096, 4382169847, 12058424877, 4385115565, 12058424923, 12058424929]"
5848333899,5869381259,4,12350.97,"[5848333899, 8061255046, 8061255043, 8061255040, 5848334802, 7995133542, 7995133553, 7981236642, 12201121705, 7981236627, 11475503806, 5863064330, 8857689646, 8857685552, 9082218143, 9082218127, 12210279424, 12210279423, 1861077091, 2904397583, 7510317740, 5863064494, 5863064491, 7513238473, 12201121787, 7509556590, 4432253321, 12210279469, 8087609020, 4432253353, 5863064482, 8865365959, 12201121797, 12201121798, 5245383690, 597417586, 597417590, 7501401740, 9822213270, 12174097054, 9163838166, 4428843500, 12201121805, 12201121806, 12201121808, 12201121825, 7865801311, 8075072451, 8075072455, 6517774200, 6517774195, 6517774177, 6517774131, 7814729962, 7814729967, 7814742962, 8087608938, 9766896536, 5869305991, 5869305990, 5869381259]"
5886282960,5869381259,4,10229.98,"[5886282960, 1862504516, 5886283102, 5872946721, 1862504748, 5886282725, 5886282932, 7861664929, 5886282934, 5886282561, 1909588024, 1883286986, 1883286993, 1883286985, 8848899922, 8848899931, 10540268785, 10540268786, 1881944849, 2604459114, 10696893655, 1881944865, 1881945235, 1881944834, 13299251435, 1881944970, 5214130423, 4474749067, 7858926233, 11867228835, 7814412911, 7812978408, 4423403828, 5245349131, 8844691617, 11197553856, 8075072518, 9766924849, 9825408071, 7459112632, 9766924846, 4456409600, 7814818524, 12869476632, 4423448757, 4423450073, 4423450087, 6272855177, 5869382695, 5869381236, 9766896631, 5869381259]"
11824212249,7465697405,3,15927.26,"[11824212249, 11824212247, 9221845957, 5854125657, 5854125654, 7915503413, 12221987091, 5856440128, 12221987095, 12857246096, 5856440134, 7915400117, 5112554546, 11294672753, 12200693634, 7992323871, 7992383350, 7992400390, 7992324044, 2605984146, 11294678456, 2605984168, 7474458090, 11254462609, 7992403815, 2605984193, 2605984186, 4386773938, 4386773560, 7992449141, 4385607928, 1126516396, 11824538695, 2605984208, 4413855643, 12217431092, 2605984217, 11295415879, 4385837918, 11295415872, 4385837888, 11295415871, 11295401166, 4386765881, 11295401157, 11295401156, 11295306595, 11295306596, 2605984182, 11826189566, 334549767, 10049029148, 334549741, 7997148068, 4386729773, 7475244021, 4386729789, 7475244026, 2605945764, 4386729371, 4386729272, 4386729091, 334549721, 12221799812, 4386728449, 12221799873, 334549713, 4386728448, 10014415585, 10014415586, 12221809664, 12221809676, 12221809741, 11924631890, 10015321761, 11924600934, 11235177594, 10012879280, 7465964717, 12201084508, 12201084518, 10014430135, 10014430134, 12201084531, 11825948535, 10111430549, 2605917997, 1906781672, 1126516567, 4379170244, 12217476115, 12201084602, 4379169618, 11450024401, 7465697411, 11450038873, 12221187323, 11450033368, 8562374724, 12217476159, 9951310729, 1537830391, 11307361980, 5589634751, 5589634750, 7465697405]"
12204842945,5869381259,4,4894.31,"[12204842945, 12204842949, 9163814395, 7503616085, 3587578756, 5865559720, 5865559719, 10567481679, 9163814351, 9080149210, 8344356486, 9766872295, 9766872302, 9766872298, 13564001790, 13564001776, 6517760262, 13564001769, 9044961806, 9044950907, 9044953794, 9044944139, 9066972855, 9044930666, 8075072475, 8075072465, 5720383624, 9766889988, 12204843022, 9766889983, 5869305990, 5869381259]"
12229762359,7465697405,8,14893.96,"[12229762359, 12229762370, 12229762360, 12229762368, 7993079424, 8065117199, 12229750756, 8065117208, 1489651888, 8065117213, 8065117223, 12222072874, 5920002526, 5860678121, 11463375477, 11372998939, 12229762490, 5922392811, 12229762513, 7371051619, 12229762535, 11463359027, 11372834589, 11463437428, 11372812159, 12215715094, 5859020810, 4378975644, 11372813183, 5860565916, 7996347603, 7923582979, 12215715098, 7471007474, 11463468356, 7923884496, 7471007458, 7511726111, 11463468327, 11394516725, 12215633425, 12215633423, 12215633417, 4378969688, 7961847743, 1489651759, 7489856398, 12215633314, 12215633310, 8041421155, 12215633196, 12215633190, 13043111092, 5848820819, 12215633078, 8041425394, 7923884493, 12215633073, 1489651736, 5848820794, 12215633061, 12215633048, 12215633039, 11985801727, 5848820770, 5848820764, 10049413804, 10049413803, 5193112789, 4385091808, 1489651649, 5242524227, 5242524209, 8880158844, 12221187386, 8880163468, 1537830489, 1537830465, 12221187328, 4379169631, 11309304790, 7465697411, 11450038873, 12221187323, 11450033368, 8562374724, 8562375431, 12217476197, 12217476204, 12217476211, 5589634750, 7465697405]"
5994351184,5869381259,4,22374.27,"[5994351184, 11475835631, 8890477140, 5878076166, 11034632831, 8890531419, 7500095626, 7500095606, 11034632765, 5994351160, 4432140731, 7475271206, 5973794631, 7475271238, 7475271252, 7473681443, 7489625180, 7489625163, 7483991248, 4428864889, 11034593369, 5973795339, 4428861323, 11034632918, 5973838837, 4428701313, 4428701386, 4428701354, 11034632410, 4428701387, 5973838860, 6013317541, 5213790094, 6014072077, 5213788522, 5973873460, 9827489590, 8068350661, 5213787416, 2486674466, 2486674463, 5213723871, 2604507351, 10650001092, 7446874891, 5973839355, 8562961793, 5214012464, 8562961790, 6011291098, 5213714864, 8562961697, 5973838693, 6011103470, 5974024876, 12212373813, 11959857590, 1484828034, 8566332196, 8558778871, 5974024587, 3930181796, 12198333583, 3930181799, 8882812085, 5886425857, 5974023994, 5974024048, 8061411656, 8882866449, 9056619353, 8061433087, 8255100526, 12874408019, 9056576032, 12198333471, 5974024637, 12198333483, 7996897488, 12198333449, 5974023579, 5974025295, 10243876995, 1911005745, 1484827950, 1484819596, 7862554508, 10243876978, 1914807490, 7862554495, 1914807491, 1862496774, 1862496807, 5886283156, 1862496803, 7862010539, 8605074319, 5873242522, 5873242515, 1881945235, 1881944834, 13299251435, 1881944970, 5214130423, 4474749067, 7858926233, 11867228835, 7814412911, 7812978408, 4423403828, 5245349131, 8844691617, 8075072510, 9766924909, 9766924919, 7814848441, 7814848438, 7814848414, 8855953440, 5869375102, 9825408071, 7459112632, 9766924846, 4456409600, 7814818524, 12869476632, 4423448757, 4423450073, 4423450087, 6272855177, 5869382695, 5869381236, 9766896631, 5869381259]"
7483800342,12058424929,6,8757.04,"[7483800342, 7483800325, 1537939464, 5645235625, 12054223305, 5645235622, 12054223331, 5242556537, 7473257035, 5987612143, 7498216577, 5645265643, 7498216581, 5656924502, 5023852300, 7498093412, 7485105561, 4385136649, 4385136078, 4385136072, 7485105510, 4385332716, 7484367147, 4385136059, 11861456908, 11861456915, 7484740762, 7473576313, 7485105557, 7473576308, 7484740757, 12031126264, 12031143770, 12031126267, 4385128231, 4385128218, 4385128204, 4385128202, 7485105567, 7485105571, 9956836060, 4352908867, 12058290648, 356646978, 12058290654, 7475652427, 10564080350, 10564080345, 10564080347, 7497221978, 7505169115, 7505169096, 4382169847, 12058424877, 4385115565, 12058424923, 12058424929]"
12016389361,12058424929,6,4997.55,"[12016389361, 12054395654, 9645737201, 4016905823, 5977954741, 11461360971, 7506573003, 5977954304, 9785288206, 11098803963, 12054395653, 5977953933, 7507570319, 5977953939, 5978071619, 5977954706, 5977954416, 12000164022, 7507513765, 5977954633, 7491057513, 9355803739, 7490976840, 10012998673, 10012998675, 359332675, 7491010152, 359332662, 7491029224, 5977954608, 7476069477, 5977954782, 7474907039, 5977954554, 12058425013, 5977954493, 12058425011, 12058425023, 5977954486, 356646982, 7497221983, 12058425062, 7497246085, 7505138477, 5984365523, 4385115102, 4385115151, 4385115150, 10230450600, 4385115539, 4385115540, 12058424929]"
12061450634,12058424929,8,11938.61,"[12061450634, 8568704199, 5977403317, 5850821162, 12061450656, 5978063848, 5978063843, 5978064957, 5978063828, 1474269691, 11853978314, 5978061588, 5978063827, 5978063750, 1986388385, 1986388364, 5852575336, 10012930004, 10012930003, 10012929990, 10012930002, 10012930001, 10012930000, 10012929993, 10012929999, 11107129290, 10188151176, 12512290496, 12512299302, 12512290498, 10012929997, 10012970054, 10012970063, 2604599736, 5978061543, 5978063085, 9833299592, 359592957, 2604599741, 9814200868, 5984508375, 7492274600, 5978062781, 12060523351, 5853139947, 5978062788, 5978062783, 7492274602, 5978062798, 12060523337, 1473210582, 1473210586, 9918311959, 1126468386, 5978061276, 2920148734, 12060544210, 12060523325, 12060544203, 5978061523, 12060523294, 5988935004, 5853139949, 12060544171, 1126468415, 3930235870, 5988935003, 5978071656, 7492274588, 3930238774, 12060463049, 5978071655, 11030807087, 11733933715, 5978062273, 2920148730, 5978062376, 1473194698, 2920148703, 1473193708, 5978071642, 5984366456, 1473186375, 334547426, 359332778, 5984366176, 334547472, 5984366425, 334547520, 1126468026, 5984364611, 12058425222, 5984364626, 4443453642, 4443453653, 5984364707, 11224591965, 4443456156, 7495693944, 9613119284, 5984366333, 7510504186, 4379030769, 9754259615, 9935458162, 9754259616, 7498419870, 7492673216, 7492673221, 5984364981, 5984365506, 7488003278, 12058425161, 12058425164, 5984365135, 12058425150, 12058425146, 5984365126, 5854569432, 5984366261, 5984366264, 5984366278, 7497221964, 7497221961, 5984365530, 5984365529, 10538949050, 7505138477, 5984365523, 7505138482, 12058424991, 10315847224, 7491789702, 7475670292, 4385115540, 12058424929]"
12201181008,5869381259,6,7125.68,"[12201181008, 12201181005, 12201181006, 8847532193, 8847532201, 8847527365, 4428881711, 5865024569, 5865024583, 8891725021, 6031752882, 6031752874, 4432530473, 2907518634, 7994580066, 7994613089, 8061355639, 12210279309, 7865724720, 5864312935, 5864312940, 12210279270, 12210279269, 1510533974, 9766896551, 5864312746, 8068350939, 8838967358, 4996598764, 5869375074, 5869381236, 9766896631, 5869381259]"
12422101777,5869381259,5,5368.56,"[12422101777, 1848134134, 1848120909, 1848120933, 8784375840, 5860601898, 1861336329, 2402607287, 12174097230, 5862949986, 12174097243, 8344356466, 11867297419, 8868406196, 2402607297, 7867800139, 9642974678, 9642974703, 4432122932, 11113815265, 9642974704, 4432122751, 7868501073, 9913869443, 12174097162, 9044959631, 9044950897, 9044944133, 9044944139, 9066972855, 9044930666, 8075072475, 8075072465, 5720383624, 9766889988, 12204843022, 9766889983, 5869305990, 5869381259]"
5854687827,7465697405,3,20885.42,"[5854687827, 5854687816, 4502415032, 4502415051, 8786453976, 5828574288, 12222072502, 12222072506, 1489652085, 5858614478, 12222032856, 12222032873, 5854127017, 12198699586, 9221845928, 5854125674, 12222032924, 12221987069, 7915503411, 7915503413, 12221987091, 5856440128, 12221987095, 12857246096, 5856440134, 7915400117, 5112554546, 11294672753, 12200693634, 7992323871, 7992383350, 7992400390, 7992324044, 2605984146, 11294678456, 2605984168, 7474458090, 11254462609, 7992403815, 2605984193, 2605984186, 4386773938, 4386773560, 7992449141, 4385607928, 1126516396, 11824538695, 2605984208, 4413855643, 12217431092, 2605984217, 11295415879, 4385837918, 11295415872, 4385837888, 11295415871, 11295401166, 4386765881, 11295401157, 11295401156, 11295306595, 11295306596, 2605984182, 11826189566, 334549767, 10049029148, 334549741, 7997148068, 4386729773, 7475244021, 4386729789, 7475244026, 2605945764, 4386729371, 4386729272, 4386729091, 334549721, 12221799812, 4386728449, 12221799873, 334549713, 4386728448, 10014415585, 10014415586, 12221809664, 12221809676, 12221809741, 11924631890, 10015321761, 11924600934, 11235177594, 10012879280, 7465964717, 12201084508, 12201084518, 10014430135, 10014430134, 10014430133, 10111430545, 10111430549, 2605917997, 1906781672, 1126516567, 4379170244, 12217476115, 12201084602, 4379169618, 11450024401, 7465697411, 11450038873, 12201084616, 12201084617, 9951310725, 9951310729, 1537830391, 11307361980, 5589634751, 5589634750, 7465697405]"
12069400774,7465697405,7,20797.47,"[12069400774, 1511951122, 1511951119, 5984560092, 11304877811, 9626331415, 11304877816, 8065288045, 11215715602, 309688948, 5859497914, 12220162679, 5859496861, 9626312473, 12220162644, 1511951186, 5859353777, 6485198755, 6485198759, 6485198762, 8857074444, 8065288011, 7484090306, 12220162533, 12220162530, 12220162517, 11826593908, 7484078732, 9626312444, 10047187847, 1489651241, 1489651234, 9626331340, 7485979960, 11474865735, 6496902497, 4379175169, 7379955460, 11887435700, 1511951215, 648149900, 7045722887, 7046096211, 7046096212, 12512482505, 7046096219, 1537848600, 10002723516, 1537848492, 1537848627, 11868573674, 6095252346, 1537848594, 6496996917, 9997898232, 9626314014, 10007869151, 7452602126, 1537848674, 1537848460, 1537848450, 9626333666, 13545365269, 1537848505, 9626333674, 9960091994, 1537840695, 1537840699, 1537840697, 6505497748, 10098043624, 12229826299, 4379159706, 4379159714, 4379159721, 4379159741, 4443444486, 10011125937, 11392657795, 4443324303, 4443327579, 4443327581, 11879240754, 10011137586, 2705341409, 2705341750, 2705338777, 8566468798, 1906781618, 12005956634, 12005956632, 7467452186, 1906781556, 7467435477, 4385105458, 12221186986, 4385105441, 12221187099, 12221187086, 12221187072, 8863924994, 12221187062, 8867282170, 11390299131, 5193071329, 5680933238, 2605994091, 7465800796, 12221187251, 12221187275, 8866467516, 8866471362, 12217476362, 5864904689, 12217476398, 11290467287, 5864904698, 5868382741, 5868382734, 12005951178, 6573833659, 12217476316, 11825948544, 12201084695, 11307151449, 11825948531, 1537830468, 5588299370, 1537830391, 11307361980, 5589634751, 5589634750, 7465697405]"
4386797697,7465697405,5,20712.22,"[4386797697, 334549955, 8880237982, 9221845930, 4386797178, 334549935, 10012288707, 5856450861, 8065117274, 9221846348, 5856440134, 7915400117, 5112554546, 11294672753, 12200693634, 7992323871, 7992383350, 7992400390, 7992324044, 2605984146, 11294678456, 2605984168, 7474458090, 11254462609, 7992403815, 2605984193, 2605984186, 4386773938, 4386773560, 7992449141, 4385607928, 1126516396, 1126516068, 7674196591, 7674196586, 11928409164, 7674172576, 7674172584, 12200693686, 7674195943, 7674195898, 11928513221, 11505288599, 10012914175, 12221868268, 1126516795, 12221868248, 10012914120, 10012914121, 12221868238, 12221868236, 8880285700, 8880216805, 1126516680, 1126516578, 11390139923, 11294931335, 11294931336, 4385567828, 11294931339, 12221868172, 11372716317, 12217430933, 1126515914, 11294970851, 12865981728, 11294970848, 5860294960, 11294980951, 11294973221, 11294973222, 11294954482, 12217430906, 1126516262, 4759168921, 1126516760, 11295026060, 4759182135, 12221810260, 11295026063, 12221810196, 12221810127, 11295026066, 12221809941, 10012895845, 12221809947, 12221809891, 5860763790, 671562847, 5859214251, 11295040270, 11295040277, 12221810081, 12221809817, 671562842, 12221810000, 12221809788, 10012893637, 12201084450, 12201084402, 1126515969, 1126516272, 8922630443, 8922630439, 8856083036, 1126516538, 7464398291, 1537821706, 12201084506, 12201084531, 11825948535, 10111430549, 2605917997, 1906781672, 1126516567, 8378550639, 12006068671, 10196863715, 10196863714, 10196867920, 12217476149, 12005951182, 11306831503, 12201084696, 12201084699, 9951310725, 9951310729, 1537830391, 11307361980, 5589634751, 5589634750, 7465697405]"
13588255170,12058424929,7,3878.69,"[13588255170, 5984364491, 13588207525, 1986376229, 5984365100, 1986376181, 5984366889, 11070524537, 9613013055, 12058512189, 9613013056, 9613013057, 7491789782, 12058512161, 12058512158, 12058512154, 5984364598, 5984364579, 5984364581, 12058512153, 5984365804, 12058512149, 5984365307, 359332584, 5984364750, 9911445013, 11030175680, 1511950114, 5042819709, 1511950118, 1511950130, 7491785065, 1511950141, 10567198219, 11235048720, 1511950158, 7491785004, 4385115501, 12058424968, 12058424963, 12058424978, 12058424941, 12058424929]"
12198333595,5869381259,4,14007.91,"[12198333595, 8849008911, 12198333592, 12198333593, 5974024076, 4996645895, 8882885154, 8882846678, 8882889958, 8882889588, 10110456800, 6011101455, 5974024464, 7473755180, 5974024113, 5974024027, 12874408029, 8075003328, 5974024015, 5974023567, 8075072718, 1914806633, 1862496774, 1862496807, 5886283156, 1862496803, 7862010539, 8605074319, 5873242522, 5873242515, 1881945235, 1881944834, 13299251435, 1881944970, 5214130423, 4474749067, 7858926233, 11867228835, 7814412911, 9766931773, 9766931768, 7814412926, 7814412932, 9766924827, 7812825756, 7812978385, 12873737680, 4423404393, 4423403836, 12869459124, 4423403810, 9903323131, 9903323124, 11197553856, 8075072518, 9766924849, 9825408071, 7459112632, 9766924846, 4456409600, 7814818524, 12869476632, 4423448757, 4423450073, 4423450087, 6272855177, 5869382695, 5869381236, 9766896631, 5869381259]"
8880404163,5854747808,3,12305.08,"[8880404163, 8880406369, 8880402727, 2402605866, 9034988194, 9034988192, 7502617038, 7814649248, 2904558017, 8050982760, 7462771093, 12173078731, 12173078740, 5720383660, 7932051807, 7500951329, 12173078749, 7500951377, 1683508881, 5860514229, 9094150320, 2874367194, 8860843423, 2874367189, 8895194959, 7498325838, 7500934551, 7501272922, 7501272982, 1683508897, 11483573835, 2874368203, 2874367171, 7501293493, 12210302922, 12210302923, 7501293503, 8923125817, 8923109714, 8923059998, 8923126648, 8923101541, 6416662096, 8923034635, 1683508949, 2874367190, 5853459885, 8087673072, 5853459888, 5853460240, 5304677459, 5853479033, 5304677626, 13410298654, 5304677516, 5853479084, 2403411091, 2918242623, 2918242622, 6124070561, 8839182605, 8075003207, 5977387881, 1682779071, 6124071289, 5977388626, 3870918426, 1683508997, 5854748095, 5854748088, 5854748087, 3870918431, 5854747558, 5854748101, 4494013350, 4518984382, 5853460141, 4494013347, 12201206726, 5854747829, 5854747821, 12201206742, 5977388497, 5984257342, 5854747808]"
2919870114,12058424929,5,11180.75,"[2919870114, 343718257, 11032081643, 649345185, 5978061620, 2919849409, 5978061906, 7506238382, 7598002787, 7498048742, 7492379608, 5991512469, 5978062081, 5848630342, 11758650957, 7494427551, 7494427553, 5978062407, 7494427530, 5978065165, 9603093366, 7498628212, 7498628225, 5984366128, 4623805346, 7498258264, 7498258263, 359332736, 359332730, 9613107322, 359332717, 7495691450, 7495691451, 5984366472, 5906420054, 12059593643, 359332457, 13442622527, 648251535, 10654179716, 1569114501, 5984366144, 2838914882, 1537946179, 5192951186, 1537946188, 5984589699, 2838924116, 5984366792, 5984366793, 1986376218, 7497950647, 7498419826, 9613096915, 12058512245, 4379025861, 7498419829, 4379025873, 5984364937, 7495734191, 4379027594, 7510911880, 5984366791, 5984366789, 7491789779, 12058512190, 5984366751, 7491789769, 12058512157, 12058512158, 12058512154, 10175417659, 9613013052, 5984366747, 7491789758, 4786662339, 4786662340, 12058512119, 5984364773, 11030613545, 5984364076, 5984364074, 12058512108, 1511950114, 5042819709, 5042819693, 5042819688, 12058425068, 7491785063, 7491785062, 7491785061, 4385115102, 4385115151, 4385115150, 10230450600, 4385115539, 4385115540, 12058424929]"
4979574209,7465697405,3,13662.15,"[4979574209, 4979574208, 5978099553, 5978099535, 7872953194, 11394690700, 5978100158, 11394690676, 5680946895, 5853114815, 7998518317, 7923884397, 7923884393, 7998455115, 7923884450, 13043174177, 5940639890, 7923884424, 5864704163, 1489651603, 1489651628, 1489651638, 5858596685, 12215632944, 1489651637, 9915020701, 10049413803, 5193112789, 4385091808, 1489651649, 5242524227, 5242524209, 8880158844, 12221187386, 8880163468, 1537830489, 1537830465, 12221187328, 4379169631, 11309304790, 7465697411, 11450038873, 12221187323, 11450033368, 8562374724, 12217476159, 9951310729, 1537830391, 11307361980, 5589634751, 5589634750, 7465697405]"
7489111995,5885419643,3,1836.21,"[7489111995, 7489111989, 5885420193, 7489111988, 5885419599, 12865642151, 5885419376, 5885419745, 12865642155, 5885419717, 12865642161, 7489155937, 5885419622, 5885419616, 5856180056, 5885419652, 5856180169, 5885419634, 5885419643]"
12060717556,12058424929,5,8909.94,"[12060717556, 12060717553, 5848630361, 5848630363, 12060717544, 5978061626, 5848630355, 7491871641, 5978061895, 5978062466, 11210000236, 1126468061, 11210101487, 5978062479, 1126468864, 1126468645, 3930271587, 5978062346, 1126467958, 4385304594, 5978062326, 12059593777, 5242450038, 4623806228, 5984366177, 7495761325, 1126468490, 1473186379, 7498258264, 7498258263, 359332736, 359332730, 9613107322, 359332717, 7495691450, 7495691451, 5984366472, 5906420054, 12059593643, 359332457, 13442622527, 7498578074, 9382346948, 13446387980, 5984364759, 5984590067, 2588198778, 1537946164, 7476378963, 359332514, 7476378981, 5191250935, 359332522, 5984589728, 5984589729, 11030161901, 11224591610, 7510971793, 5984366215, 12058425207, 4379031508, 4379030773, 5984364958, 7495691479, 11201888081, 5984365125, 5984365123, 5984365122, 5984365177, 5984365117, 5984366378, 7510496469, 4379027614, 5984365513, 5984589732, 359332562, 5984366283, 5984365173, 5984365757, 5854569429, 359332569, 9613188486, 5984365854, 5984365855, 5984366201, 7492673240, 5854569430, 5984366261, 5854569432, 7488040827, 7488043131, 7488040822, 7488040820, 12058425132, 7488032625, 4382171232, 7488061030, 7476069409, 7505812340, 1511950113, 5977954791, 7474878161, 7497221966, 7474907062, 12058425049, 12058425065, 12058425063, 12058425066, 12058425062, 7497246085, 7505169085, 12058424995, 7505134024, 10315847224, 7491789702, 4385115151, 4385115150, 10230450600, 4385115539, 4385115540, 12058424929]"
12210502097,5854747808,4,4927.48,"[12210502097, 12210502124, 12210502121, 12210502088, 4494185516, 6129317447, 8075003171, 6129317451, 5855890701, 4518983997, 4518983996, 5867521275, 4518983976, 8465552893, 8507130667, 8507130666, 8895149545, 5984257307, 5984256734, 8068350763, 5984257526, 6058681935, 4502294957, 5984257479, 8353821962, 8353842131, 5854747574, 5854747580, 5854747808]"
7462163259,5854747808,5,8709.84,"[7462163259, 7447601843, 7448163026, 7881223106, 8925412011, 7883620136, 8925427105, 8925403689, 8925673508, 4494024332, 6129318490, 4494024383, 4494024889, 8079732980, 8087672949, 8087672938, 6129318491, 8891812098, 8927974063, 5855842729, 5201288803, 7462521547, 5855842746, 5201288792, 8928632557, 8928632561, 11902128268, 5855842875, 8068350740, 5984257307, 5984256734, 8068350763, 5984257526, 6058681935, 4502294957, 5984257479, 8353821962, 8353842131, 5854747574, 5854747580, 5854747808]"
13025740425,5869381259,3,7873.07,"[13025740425, 13025740423, 8338715472, 7509143179, 7509143184, 7505673946, 11420793831, 4432234228, 4432234224, 7501642223, 10073511031, 7501642232, 8556445053, 7511935699, 7505485971, 7505485948, 7511826451, 7511878580, 10226187317, 10226161516, 9163814380, 9163814376, 9163814374, 12174097158, 12174097155, 9163814371, 9163851546, 5860601752, 12174097160, 1510533792, 8344356475, 9080159021, 7868501084, 5865559482, 9766872311, 13564001769, 9044961806, 9044944155, 9044944151, 9066936707, 9028025566, 9766896517, 4474886182, 7814729982, 9766896526, 7814729970, 7814742962, 8087608938, 9766896536, 5869305991, 5869305990, 5869381259]"
7488111725,5885419643,2,7727.98,"[7488111725, 12062446240, 12062446238, 7488111706, 7488111701, 7479385690, 8853193811, 7479385681, 1986390524, 5204593961, 5883448689, 7473347934, 5204594143, 7492492299, 5204594139, 7491691274, 5883448729, 7491857532, 5857782039, 7482399033, 2920318063, 7492445063, 7491691302, 5883448264, 5204593712, 5883448480, 5204593709, 2920318082, 7491691258, 2920318093, 2920318053, 5848056569, 5883448777, 2920318077, 5883448888, 5857783209, 2920318067, 2920328946, 5204593640, 5857782037, 5883448443, 7485195291, 5857701486, 5885419646, 7488955893, 7488955892, 7488955903, 7489050207, 7488955896, 7488955899, 2920427582, 5857701525, 2920441911, 5885420189, 5857701466, 5847710970, 5857701790, 5885419599, 12865642151, 5885419376, 5885419745, 12865642155, 5885419717, 12865642161, 7489155937, 5885419622, 5885419616, 5856180056, 5885419652, 5856180169, 5885419634, 5885419643]"
12220736750,12058424929,3,13932.5,"[12220736750, 12220736733, 12220736722, 12220736708, 11794887323, 5647447879, 11029831135, 5647447863, 6193835103, 4385251371, 4385271862, 8835842483, 5647504901, 4385271872, 5647504977, 1511988151, 2498629467, 8828911419, 2498629464, 2498629458, 1537939352, 5886438823, 6193834911, 7483573913, 6193834947, 7483975019, 6193834991, 8065615984, 12054223377, 8065615970, 8828875104, 5886438842, 12054223416, 10762368969, 12914883360, 5987611896, 5987612086, 5662552447, 7498086556, 8830838067, 7473257064, 5987611975, 5987611517, 12057391513, 7498216566, 9158341323, 9158341324, 8323113305, 4379016019, 11861182800, 5987611927, 5987856546, 4379016005, 5987611772, 7473576382, 5987611783, 5987611951, 7485179430, 5242454223, 4379016818, 12058285455, 7484747485, 7484740782, 5881283974, 9613188467, 1511950289, 1511950286, 356646973, 7485105562, 12058286036, 4385128202, 7485105567, 7485105571, 9956836060, 4352908867, 4352908872, 12058290664, 5977436708, 12058424876, 4382169847, 12058424877, 4385115565, 12058424923, 12058424929]"
7140814610,5885419643,2,10992.02,"[7140814610, 5887079754, 5887079728, 5856352813, 5856352814, 5856352859, 2920491348, 306541525, 7457004972, 7449320014, 5859969011, 7448671640, 5859969217, 5859969123, 5859969124, 5859967676, 5859967677, 5859895780, 5859895900, 5859895901, 5857516712, 5857516721, 2920491395, 2920491119, 2920456202, 5885419332, 5885419644, 5674111438, 5885419765, 2920445960, 2920444682, 5885419588, 5857551668, 5857551660, 5885419607, 5885419758, 4385109780, 4385109839, 5885419634, 5885419643]"
12801902828,5854747808,2,9651.89,"[12801902828, 4502291343, 5977311014, 8928610707, 4502112074, 5977311346, 4502112073, 4502112080, 12210279765, 12210502049, 12210502045, 12210502050, 12210502052, 5977311345, 5977309724, 4502113297, 4502112167, 6129314752, 4502112181, 8859179496, 6129314765, 8862128893, 8075003161, 8075003168, 12210502067, 4518983983, 4518983997, 4518983996, 5867521275, 4518983976, 8465552893, 8507130667, 8507130666, 12201206779, 5984257526, 6058681935, 4502294957, 5984257479, 8353821962, 8353842131, 5854747574, 5854747580, 5854747808]"
12197246817,5869381259,2,12860.22,"[12197246817, 12197246819, 12197246832, 12197246825, 12197246829, 5866290577, 12198291430, 12198291418, 12198291417, 12198291427, 12198291413, 5866325692, 5866325699, 12198291485, 12198291505, 12198291527, 5866290563, 9642977095, 5866332346, 5866325764, 11818477419, 11818477436, 4428689955, 4423474585, 9642678904, 5579701771, 8784397348, 12201121931, 5579701779, 12210095777, 5579701783, 9642955888, 5579701787, 5579701788, 9642678886, 4996417092, 4996417096, 12210095792, 4996417105, 9642678873, 4996417223, 7505132775, 7505132769, 1848133152, 7505137231, 4697197902, 13025677746, 7503450414, 9642678868, 6113453834, 1881948398, 1848120927, 1848120909, 1848120933, 1848134130, 7503846338, 1909602131, 1510533667, 2402607273, 9642974648, 5214044923, 1510533759, 5860601752, 12174097160, 1510533792, 8344356475, 9060419682, 7868501076, 9044950906, 9044950907, 9044953794, 9044944139, 9066972855, 9044930666, 8075072475, 8075072465, 5720383624, 9766889988, 12204843022, 9766889983, 5869305990, 5869381259]"
11240504190,7465697405,3,16928.62,"[11240504190, 4385629083, 4385629075, 11254462618, 4385629069, 4385629066, 11295415913, 11295415910, 11878490227, 11878490222, 5857055051, 4385837949, 11372798281, 4385837935, 4385837904, 11878462109, 4385837897, 12217431380, 12217431375, 11295415871, 11295401166, 4386765881, 11295401157, 11295401156, 11295306595, 11295306596, 2605984182, 11826189566, 334549767, 10049029148, 334549741, 7997148068, 4386729773, 7475244021, 4386729789, 7475244026, 2605945764, 4386729371, 4386729272, 4386729091, 334549721, 12221799812, 4386728449, 12221799873, 334549713, 4386728448, 10014415585, 10014415586, 12221809664, 12221809676, 12221809741, 11924631890, 12221809733, 4666566277, 12221809729, 11924600918, 12221809765, 12221809751, 10012879290, 10012879292, 12201084506, 12201084531, 11825948535, 10111430549, 2605917997, 1906781672, 1126516567, 4379170244, 12217476115, 12201084602, 4379169618, 11450024401, 7465697411, 11450038873, 12221187323, 11450033368, 8562374724, 8562375431, 12217476197, 12217476204, 12217476211, 5589634750, 7465697405]"
9961023360,12058424929,3,11856.51,"[9961023360, 9961023359, 9961023356, 8829206869, 4385252776, 2604599709, 5846763171, 1511950871, 5846762904, 5846762472, 11824788447, 4385271238, 12215578949, 5886438755, 9960970468, 9960970467, 6195924803, 11029831546, 7483901305, 4385030529, 12215578942, 5453999342, 7483574075, 12215578938, 5886438704, 12057391479, 12057391488, 5886438701, 6195922877, 7483574082, 12057394784, 5856198396, 5885861310, 5047297644, 5977086923, 7498086568, 5977283043, 5047297664, 9771116392, 5047297670, 10012774050, 9158341338, 5047297671, 5987611913, 7498086576, 7484003363, 5987611926, 4379016719, 4379016718, 7498086583, 5987612279, 5987612278, 5987612257, 5987612244, 12058285404, 1537939337, 4385341196, 5977086880, 7497063441, 5680948596, 4379018309, 1537939481, 7484747485, 7484740782, 5881283974, 9613188467, 1511950289, 1511950286, 356646973, 7485105562, 12058286036, 4385128202, 7485105567, 7485105571, 9956836060, 4352908867, 12058290648, 356646978, 12475222428, 1511950202, 12058290628, 12058290656, 7516563799, 12058290637, 4382169854, 7505281715, 9645749570, 7477787271, 10031646184, 7505281720, 7475640965, 7505134025, 7475670285, 7475670292, 4385115540, 12058424929]"
8889662897,5869381259,4,18283.9,"[8889662897, 5973837666, 5973886055, 5973886057, 5687612705, 5973839354, 5687612719, 5687613425, 12198526333, 1861654955, 5973838599, 12198349281, 12198349279, 5973838794, 5214080578, 5973838975, 12198349244, 12198349265, 5160531912, 3930105830, 12201180947, 5160531917, 3930107287, 5872946987, 8348053465, 5872946776, 8348053474, 8839235089, 5872946751, 8842500238, 5872946746, 8864834712, 5872946737, 8348053621, 5872946729, 5872946721, 1862504748, 1862504773, 12215421293, 1862504633, 8329776292, 5873211952, 5872936107, 11959954951, 11959954947, 11959954955, 11959954960, 5873220908, 11959972872, 2659791341, 1862504824, 5886282553, 5886282545, 8061389870, 8061389849, 8061389856, 8061389813, 5868978478, 5867898916, 5867898917, 7510169831, 7510176085, 7510176100, 7510172666, 8836103828, 5886106209, 10095830394, 5886106450, 5886107079, 5886106287, 8846403132, 5886106291, 5864396877, 5886282685, 8081847539, 5864313143, 8842249959, 5867898883, 9766896587, 8842249985, 9766896595, 5869253647, 5869253653, 5869253663, 5869253670, 8886733285, 9766896602, 6272855177, 5869382695, 5869381236, 9766896631, 5869381259]"
12062445880,5885419643,2,9964.88,"[12062445880, 12062445879, 8864742918, 12062445909, 12062445914, 12062445917, 1986390628, 12062445920, 1986390507, 11032816178, 1986390581, 1986390571, 11032815941, 7479531746, 7479531694, 7479531696, 12062445963, 8919174909, 12062445971, 8853158088, 7479531767, 7479222694, 11032957295, 12062445990, 5883448422, 12062446221, 7479531770, 12062446223, 7479531723, 1986390631, 1986390601, 7479531690, 7479531759, 12512266213, 12512266214, 1126468111, 5883448121, 12062446250, 9792195784, 343718305, 5883448153, 5883448073, 11032942608, 5883448747, 11461244448, 12062446262, 5204594132, 5883448685, 5883448729, 7491857532, 5857782039, 7482399033, 2920318063, 7492445063, 7491691302, 5883448264, 5204593712, 5883448480, 5204593709, 2920318082, 2920318087, 2920318091, 2920318068, 5857783214, 5857783211, 5857783208, 2920318067, 2920328946, 5204593640, 5857782037, 5883448443, 7485195291, 5857701486, 5885419646, 7488955893, 7488955892, 7488955903, 7489050207, 7488955896, 7488955899, 2920427582, 5857701525, 2920441911, 5885420189, 5857701466, 5847710970, 5857701790, 5885419599, 12865642151, 5885419376, 5885419745, 12865642155, 5885419717, 12865642161, 7489155937, 5885419622, 5885419616, 5856180056, 5885419652, 5856180169, 5885419634, 5885419643]"
5987545447,5854747808,3,13342.78,"[5987545447, 10272369854, 5987545737, 7493949865, 7493949856, 5987545212, 5987545340, 5987545694, 7494462533, 1919870921, 1925312470, 7460582538, 8344003445, 1862039075, 1862047140, 1862039087, 1862039048, 6010787083, 7168770242, 1919871010, 7492393905, 5984347685, 2879923800, 7792193276, 2728283848, 2728283902, 7477480152, 5984347954, 5984350757, 5984495100, 4649103679, 5984494962, 5984346277, 5984346279, 5984346281, 5984346284, 8838770761, 5984347092, 5984350060, 5984349477, 5984350726, 7792206385, 7792193283, 5984349014, 5984349016, 8347528755, 5984350744, 12201045284, 3870925217, 8842489882, 12201045295, 5984346257, 5984346261, 13021167019, 4518983853, 4502139547, 5984347145, 5867520903, 4502139516, 4503821411, 5984494861, 7617878589, 6040365296, 5984257114, 4502139241, 8847675651, 4504053371, 5977387167, 8087609202, 5201321300, 5854748071, 5854747833, 5854747829, 5854747821, 12201206742, 5977388497, 5984257342, 5854747808]"
7480153345,12058424929,3,10755.39,"[7480153345, 6196669905, 10012728502, 4385029463, 4385028797, 4385026777, 7480153325, 5885860266, 5885860268, 4385026749, 5885860574, 7480153349, 5885860583, 12220736593, 12057391537, 12220736590, 5856198385, 5856198394, 5856198396, 5885861310, 5047297644, 5453999389, 7498216583, 7473257070, 9771116395, 7498086569, 5858807053, 12215578925, 8323113305, 4379016019, 11861182800, 7484003358, 5987611418, 5987611420, 5987611421, 5987856516, 4379013182, 13016029940, 13016029927, 12031139962, 13016029931, 5987611748, 13016029944, 13016029945, 11824841143, 2604599831, 7484740767, 7473576308, 7484740757, 12031126264, 12031143770, 12031126267, 4385128231, 12058285772, 7484367737, 7485105556, 1511950238, 12058290613, 7470770993, 5977954888, 7477787244, 7477787252, 10031646184, 7505281720, 7475640965, 7505134025, 7475670285, 7475670292, 4385115540, 12058424929]"
5864396969,5869381259,2,7600.14,"[5864396969, 1862501635, 1911056643, 5886105301, 1510534213, 5886108042, 2908531400, 5886105858, 5886105779, 5886105519, 5864397052, 1510534167, 2908527561, 1510534146, 5886107361, 10536622670, 5886105326, 5886105322, 5886107234, 5886106231, 5886106226, 5886105336, 8842249928, 5886107119, 5720393136, 8061355687, 8061355715, 4996406557, 5864313184, 5864313182, 11483566020, 8068350880, 8068350910, 8068350905, 8838967358, 4996598764, 5869375074, 5869381236, 9766896631, 5869381259]"
7483887285,12058424929,5,8433.82,"[7483887285, 5973768717, 7484902104, 10543698606, 12060523169, 7486041278, 5973768715, 12060523170, 1474023384, 5973769099, 5973768765, 7486263270, 1986381646, 5973768758, 5973768720, 8869722096, 1986381654, 8869690182, 12060462906, 5973768704, 7485243849, 12060462870, 12060462897, 7484066017, 5973765343, 7484370964, 12060461560, 3984696679, 5973768944, 7484159440, 3984696694, 12060462895, 3984696699, 3984696705, 7485243868, 7497418807, 3951817932, 3951813058, 345211017, 3927502938, 345211012, 359332841, 345211009, 5985152433, 334547623, 1126468065, 13448389458, 7507131751, 7475979648, 7475979657, 7496542125, 7330884236, 7506565365, 334547722, 5977954526, 1537942579, 5977954601, 7475979612, 5977953895, 10142076934, 2604599724, 9992362680, 10188415653, 7492028548, 7491057512, 359332675, 10012998675, 10012998676, 7497607763, 7497607739, 5680953475, 7497193423, 5978071671, 10254991131, 5977954799, 7491029224, 5977954608, 7476069477, 5977954782, 7474907039, 7474907041, 7474907047, 12058425032, 12058425029, 12058425023, 5977954486, 356646982, 12475222443, 12058424990, 4385115180, 12058290645, 5977954529, 7505134025, 7475670285, 7475670292, 4385115540, 12058424929]"
6350673961,5885419643,4,20729.61,"[6350673961, 7485511254, 5871299085, 5871298276, 5871152976, 5887267979, 7485490504, 1861657078, 1861657025, 7485490507, 1861656980, 1861657107, 1861659815, 4514033874, 8346116038, 1484828140, 5214089921, 7486329607, 5870453811, 5870453824, 5870453844, 3930047182, 5860060122, 7487929056, 5860060151, 1861663093, 5860060153, 5860060040, 5199393434, 5860059758, 8066131242, 5859969026, 7457034422, 8066131243, 5925669058, 2920491348, 306541525, 7457004972, 7449320014, 5859969011, 7448671640, 5859969217, 5859969123, 5859969124, 5859967676, 5859967677, 5859895780, 5859895900, 5859895901, 5857516712, 5857516721, 2920491395, 2920491119, 2920456202, 5885419332, 5885419644, 5674111438, 5885419765, 2920445960, 2920444682, 5885419588, 5857551668, 5857551660, 5885419607, 5885419758, 4385109780, 4385109839, 5885419634, 5885419643]"
7478477817,12058424929,5,10782.21,"[7478477817, 7479643254, 9814200895, 7478477820, 7479643197, 4623797520, 7478477826, 4623797388, 7483883358, 4623797375, 12060523081, 6117156957, 12060523080, 12060523075, 12060523072, 8564403682, 7483883349, 7483883335, 7820903407, 359595870, 359595841, 7483883327, 7485221349, 7483739759, 7483739760, 6117156947, 6117156919, 7484791975, 10012970101, 7483739728, 12060523226, 7483739731, 5193749254, 5973768911, 10264826359, 10264826356, 7484791955, 7483739713, 12060462977, 2920150421, 1126468577, 5978071694, 5978071693, 12060462956, 7484066008, 5973768771, 5973768965, 3984711974, 3984696710, 7484159425, 7497418806, 7497418807, 3951817932, 3951813058, 345211017, 3927502938, 345211012, 359332841, 345211009, 5985152433, 334547623, 1126468065, 8559546195, 7496581785, 7507131754, 7507289736, 7475979660, 5977954740, 5977954581, 7496544542, 1537942560, 7507513716, 1537942568, 11201640065, 7506573037, 9645749527, 359332662, 359332659, 5977954723, 5977954401, 5977954392, 12058425120, 5977954389, 11201780442, 5977954382, 7488032625, 4382171232, 7488061030, 7476069409, 7505812340, 1511950113, 7505812350, 7505812351, 7497221961, 5984365530, 5984365529, 10538949050, 7505138477, 5984365523, 7505138482, 12058424991, 10315847224, 7491789702, 4385115151, 4385115150, 10230450600, 4385115539, 12058424941, 12058424929]"
5977310555,5854747808,5,9884.75,"[5977310555, 6008544909, 6008549993, 5977310985, 6008558145, 2879906361, 5977309408, 5977309446, 5977309462, 4501982221, 8859217575, 5977489838, 5977489850, 8859202997, 12210465746, 8859185328, 8075003128, 8074977389, 8862063247, 8862137734, 8862137723, 8862145194, 4494185603, 8882680853, 4494185594, 5984257408, 8075003160, 5867521471, 5984257113, 4518983959, 4518983963, 8507130693, 8507130667, 8507130666, 12201206779, 5984257526, 6058681935, 4502294957, 5984257479, 8353821962, 8353842131, 5854747574, 5854747580, 5854747808]"
12060804641,12058424929,4,11389.94,"[12060804641, 12060804640, 5978064630, 5978064631, 12060804633, 12060804632, 12060804630, 5978064079, 5978064187, 5978064192, 9603093386, 12060746912, 12060746902, 7491751509, 7489695554, 343718274, 359592848, 2477584683, 5978062940, 2477601008, 359592860, 10076424230, 11032150267, 5042872026, 7482000300, 5978062875, 5848630309, 5978061237, 359592875, 4385274528, 359592885, 359592886, 359592888, 5978061312, 11032088214, 5978063015, 5978062926, 5848630324, 1473232741, 5848630370, 359592911, 5848630360, 1473226573, 11209863194, 12060512126, 1537946170, 5848630379, 11209946843, 5978061286, 7494577571, 5978062458, 1126468061, 11210101487, 5978062479, 1126468864, 1126468645, 3930271587, 5978062346, 1126467958, 4385304594, 5978062326, 12059593777, 5242450038, 4623806228, 5984366177, 7495761325, 1126468490, 1473186379, 7498258264, 7498258263, 359333031, 11221811536, 7495691457, 359332689, 7495691454, 359332685, 2841328395, 12059593627, 5984366159, 5984366255, 5984366259, 334547520, 1126468026, 2588198769, 2588198774, 5191282022, 5191282023, 5984365807, 7495693939, 7498419915, 7498419908, 5984364716, 4443456156, 7495693944, 9613119284, 5984366333, 7510504186, 4379030769, 9754259615, 9935458162, 9754259616, 7498419870, 7492673216, 7492673218, 5984365174, 5984365506, 5984365167, 7491785059, 5984365494, 5984365855, 5984366201, 5984366200, 7491789740, 12058425156, 7491789742, 12058425158, 4382170884, 359332584, 5984364750, 9911445013, 11030175680, 1511950114, 5042819709, 1511950118, 12058512111, 5984364054, 5984364066, 3274410752, 11226295292, 3274431522, 5984365536, 7491785001, 12058464850, 7491785004, 4385115501, 12058424968, 12058424963, 12058424978, 12058424941, 12058424929]"
5977310701,5854747808,4,11698.53,"[5977310701, 5977310695, 5977310342, 5977489628, 5977489642, 5977309387, 5977309386, 5977311349, 5977311350, 4501961902, 5974151931, 8918390227, 4501985045, 8882659830, 5974150111, 5977311009, 5977489853, 5977489862, 5977489852, 12210465738, 5984257381, 4503760919, 5984257354, 4503760961, 4503760467, 4502083736, 12210465631, 5984349628, 4494180146, 5199838634, 8842547237, 13415105401, 5867521041, 5867521598, 3870925183, 5984257375, 4518983823, 12801856597, 12801856591, 5867521201, 5984576629, 5984257277, 5867521622, 11817895041, 11189384881, 4502139241, 8847675651, 4504053371, 5977387167, 8087609202, 5201321300, 5854748071, 5854747833, 5854747829, 5854747821, 12201206742, 5977388497, 5984257342, 5854747808]"
5886438380,12058424929,3,15096.7,"[5886438380, 5918819599, 12220736860, 12220736850, 9966865178, 9948709408, 11029826996, 11029831242, 11029767994, 356643154, 11405760174, 11029810291, 12220736946, 11029831181, 11029831349, 1511988246, 7478195387, 7478195388, 5656989835, 5632466784, 5657026893, 5632087333, 5632087349, 5632087334, 12157145823, 5631961615, 1537939386, 7477573290, 12053275888, 6193835051, 5634136841, 11029978009, 12053275892, 5887435626, 5662564524, 7478195403, 12053275932, 7478312329, 5987612131, 5864893796, 5644466013, 12054223304, 10170940798, 663656260, 11028355034, 5042851487, 5242556558, 663656245, 7489320874, 7469364455, 5645278422, 7489326388, 5645265688, 7489326398, 7465470609, 7461738272, 7489326407, 356643987, 7458061811, 5656924438, 7469364477, 7469364690, 7477619751, 4385136589, 7477619753, 7477641622, 5987856535, 5987611465, 356643979, 12054223526, 7470549065, 5978071053, 5242548330, 7484367710, 7470549084, 5680929889, 356643973, 7477619770, 356643971, 9158341375, 11519937618, 7470570420, 4385161255, 4443446390, 1537939354, 5988935066, 1537939353, 5242506964, 5847878948, 5977954523, 7516563801, 12054371755, 7484367754, 11826538458, 10246628250, 5977954532, 13677275804, 1537939314, 12058290616, 2604599798, 7470770993, 5977954888, 7477787244, 7477787252, 7477787271, 9645749570, 7505281715, 4382169854, 7497221978, 7505169115, 7505169096, 4382169847, 12058424877, 4385115565, 12058424923, 12058424929]"
7923650755,5854747808,3,11519.29,"[7923650755, 7466424322, 6008560409, 7466424323, 7462547734, 7462547742, 8930366146, 8930347946, 8849093575, 8925421920, 8925403689, 8925673508, 12210465302, 8925403683, 5859616636, 8922573966, 12210302592, 12210302593, 12210302581, 12210302595, 12210465349, 5859616707, 12210465354, 6124197672, 12210302516, 8358070251, 5853459871, 5853459881, 5853459888, 5853460240, 5304677459, 5853479033, 5304677626, 13410298654, 5304677516, 5853479084, 2403411091, 2918242623, 2918242622, 6124070561, 8839182605, 8075003207, 5977387881, 1682779071, 6124071289, 5977388626, 3870918426, 1683508997, 5854748095, 5854748088, 5854748087, 3870918431, 5854747558, 5854748101, 4494013350, 4518984382, 5853460141, 4494013347, 12201206726, 5854747829, 5854747821, 12201206742, 5977388497, 5984257342, 5854747808]"
2838914839,12058424929,5,6633.46,"[2838914839, 5984671130, 2838914855, 2838914856, 2838914851, 11026021588, 2838914872, 5984671134, 12059593492, 9613096916, 5984366868, 5984365519, 12058512305, 5984365337, 7498737013, 5984366846, 5984364491, 13588207525, 1986376229, 5984365100, 5984364922, 12058512228, 9785013319, 991760411, 7510911859, 7510496404, 7510911863, 7510911866, 7510911874, 7491789779, 12058512190, 5984366751, 5984364603, 5984364601, 5984365748, 5984364589, 5984364565, 5984365804, 12058512149, 5984365307, 359332584, 5984364750, 9911445013, 11030175680, 1511950114, 5042819709, 1511950118, 1511950130, 7491785065, 1511950141, 10567198219, 11235048720, 1511950158, 7491785004, 4385115501, 12058424968, 12058424963, 12058424978, 12058424941, 12058424929]"
11822834683,12058424929,3,1317.59,"[11822834683, 12058424963, 12058424978, 12058424941, 12058424929]"
5886105510,5869381259,5,10103.03,"[5886105510, 5886105504, 5886105501, 5886105500, 5886105499, 5886105497, 5886105496, 11817119633, 11817119619, 11817119624, 4474773330, 4474773328, 5864397016, 4476183716, 5864397025, 4474749488, 8853070328, 4476183697, 5864396860, 5886106352, 5886107466, 5886107471, 10125791009, 5886105538, 5886105537, 5886105527, 5886105531, 5886105530, 5864312975, 8087608973, 5886106838, 2908527561, 1510534146, 5886107361, 10536622670, 5886105326, 1510534130, 5864312662, 1510534121, 5886105888, 5886107168, 2907519298, 5886105354, 2908539850, 8869844125, 13564151642, 5864313524, 5073067201, 8892610940, 8061355650, 9766896575, 4996406565, 8061355715, 4996406557, 5864313184, 5864313182, 11483566020, 8068350880, 8068350910, 8068350905, 8838967358, 4996598764, 5869375074, 5859722621, 5869305991, 5869305990, 5869381259]"
12201180976,5869381259,4,7278.18,"[12201180976, 12201180985, 8087608992, 8087608981, 5070846777, 7865724721, 7865724735, 8844703898, 7865801379, 5858973123, 7746591694, 5070846760, 8839112335, 13023917164, 1510533944, 4996598802, 4996598793, 4999002625, 5858973129, 4996598773, 4996598764, 5869375074, 5869381236, 9766896631, 5869381259]"
5856440161,7465697405,5,20676.99,"[5856440161, 11294672753, 12200693634, 7992323871, 7992383350, 7992400390, 7992324044, 2605984146, 11294678456, 2605984168, 7474458090, 7474403883, 2605984193, 2605984186, 4386773938, 4386773560, 7992449141, 4385607928, 1126516396, 11824538695, 2605984208, 4413855643, 12217431092, 2605984217, 11295415879, 4385837918, 4386766130, 7474251618, 11295415885, 11505281234, 11505281228, 11372748339, 11372748337, 12217431031, 12200693705, 12221868038, 12221868027, 11424028750, 10014716883, 11372764889, 12221868051, 7924198843, 7924198832, 7924198828, 7924198765, 12217387200, 12217430714, 12217430728, 12217430734, 12217430743, 12217430745, 4778179873, 12217430791, 1126516760, 11295026060, 4759182135, 12221810260, 11295026063, 12221810196, 12221810127, 11295026066, 12221809941, 10012895845, 12221809947, 12221809891, 5860763790, 671562847, 5859214251, 11295040270, 11295040277, 12221810081, 12221809817, 671562842, 12221810000, 12221809788, 10012893637, 12201084450, 12201084420, 8856040850, 8856031895, 11924623026, 8856083025, 1537821706, 12201084506, 12201084531, 11825948535, 10111430549, 2605917997, 1906781672, 1126516567, 8378550639, 12006068671, 10196863715, 10196863714, 10196867920, 12217476149, 12005951182, 11306831503, 12201084696, 12201084695, 11307151449, 11825948531, 1537830468, 5588299370, 1537830391, 11307361980, 5589634751, 5589634750, 7465697405]"
2605984217,7465697405,3,15325.4,"[2605984217, 11295415879, 4385837918, 11295415872, 4385837888, 11295415871, 11295401166, 4386765881, 11295401157, 11295401156, 11295306595, 11295306596, 2605984182, 11826189566, 334549767, 10049029148, 334549741, 7997148068, 4386729773, 7475244021, 4386729789, 7475244026, 2605945764, 4386729371, 4386729272, 4386729091, 334549721, 12221799812, 4386728449, 12221799873, 334549713, 4386728448, 10014415585, 10014415586, 12221809664, 12221809676, 12221809741, 11924631890, 10015321761, 11924600934, 11235177594, 10012879280, 7465964717, 12201084508, 12201084518, 10014430135, 10014430134, 10014430133, 10111430545, 10111430549, 2605917997, 1906781672, 1126516567, 4379170244, 12217476115, 12201084602, 4379169618, 11450024401, 7465697411, 11450038873, 12221187323, 11450033368, 8562374724, 8562375431, 12217476197, 12217476204, 12217476211, 5589634750, 7465697405]"
10111345985,12058424929,8,7309.25,"[10111345985, 5656924493, 5656924502, 5023852300, 5987611545, 5987611386, 8518044953, 12054223605, 11098798256, 8918609873, 4385129182, 4385129131, 4385129167, 11511272781, 4385129153, 7485105528, 4385129144, 1537939434, 11824841137, 11824841143, 2604599831, 7484740767, 7473576308, 7484740757, 12031126264, 12031143770, 12031126267, 12058285769, 12058285772, 7484367737, 7485105556, 1511950238, 1511950236, 7478338005, 12475222425, 12475222428, 356646978, 12058290654, 7475652427, 10564080350, 5977436708, 12058424876, 4382169847, 12058424877, 4385115565, 12058424923, 12058424929]"
11101061801,12058424929,3,8247.94,"[11101061801, 5978071693, 12060462956, 7484066008, 5973768771, 5973768965, 3984711974, 3984711983, 9919044217, 5718678456, 5718688191, 5853139944, 7507289724, 12059593731, 7506735851, 3990378195, 7506547222, 4014445805, 5988935005, 6095121872, 1986368768, 5984365830, 4009510793, 4009510795, 5984589944, 1126468175, 1126468269, 4379030521, 7507513720, 7509597932, 12058425214, 1537942566, 11432949424, 4786662352, 7142043619, 7509929051, 10252617572, 5977954467, 5988935035, 7497316197, 1537942571, 7505176944, 7505176958, 7505176953, 7497306287, 7510911834, 7505176962, 4379030868, 5854569433, 5984365126, 5854569432, 7488040827, 12058425142, 5984366264, 9645749553, 5984366181, 4382171210, 7492673239, 5042819685, 5042819688, 12058425068, 7491785063, 7491785062, 7491785061, 4385115102, 4385115151, 4385115150, 10230450600, 4385115539, 4385115540, 12058424929]"
8932229457,5854747808,3,11976.52,"[8932229457, 7447608792, 2496506447, 1683508903, 2509372424, 6248863917, 1683508904, 7466424313, 7462507617, 6008560409, 7466424323, 7462547734, 7462547742, 8930366146, 8930347946, 8849093575, 8925421920, 8925403689, 8925673508, 4494024332, 6129318490, 4494024383, 4494024889, 8079732980, 8087672949, 8087672938, 6129318491, 8891812098, 8927974063, 5855842729, 5201288803, 5855842737, 5201288792, 8928632557, 8928632561, 11902128268, 5855842875, 8068350740, 5984257307, 5984256734, 8068350763, 5984257526, 6058681935, 4502294957, 5984257479, 8353821962, 8353842131, 5854747574, 5854747580, 5854747808]"
5887062649,5854747808,5,13195.85,"[5887062649, 7488136008, 597417801, 5887062525, 6054368847, 6054368827, 6012650971, 5887062681, 5887062679, 5887126352, 8859362593, 12198541265, 12198541252, 4502245212, 12198541248, 12198541245, 4502245231, 5887062826, 4502245190, 5868006491, 5866476195, 5887063181, 5887062766, 5868262097, 5887063018, 4501950127, 4501950109, 4501950110, 4501917514, 4501908539, 5850994983, 5850994980, 4501908670, 4503968163, 4503962687, 5973876764, 5850994911, 5850994910, 13027947832, 4501925909, 4501925905, 4991716183, 4991716695, 8847589070, 11826472261, 5973875938, 4504035620, 4504035626, 4504035617, 8847596287, 5851130249, 8266310580, 5973876300, 5973876248, 5973876345, 4504035565, 5854748142, 3930097826, 8068309649, 5851128340, 5977388080, 5977388591, 5977388579, 5854748250, 5201315715, 3870918436, 5854748193, 3870918437, 5854747833, 5854747829, 5854747821, 12201206742, 5977388497, 5984257342, 5854747808]"
12873608626,5869381259,4,13551.41,"[12873608626, 9766942287, 9091739438, 9091739502, 8863061011, 8863061008, 4423513970, 4423513895, 8863107170, 4423513945, 9083381318, 8068084460, 1510429283, 9766942243, 9766942237, 7481807343, 7481807353, 5214155199, 8863115735, 8066182361, 8066182359, 9766943684, 5213985522, 7473611463, 1510428956, 4579203578, 9766943647, 9908915902, 9766943639, 9766943619, 4647425225, 9766943638, 8838967398, 4647425211, 9766943723, 11871510013, 11871510015, 11871510010, 10570130200, 5864894137, 8838967371, 1881944838, 9766924901, 9766924899, 12210502538, 12210502522, 9766924860, 8075072508, 11919226675, 5869349702, 4456410044, 11919223770, 11919223780, 4456410080, 4456410085, 4456409600, 7814818524, 12869476632, 4423448757, 4423450073, 4423450087, 6272855177, 5869382695, 5869381236, 9766896631, 5869381259]"
4996732866,5854747808,2,14586.82,"[4996732866, 9084473596, 4998973796, 9084473765, 12173078697, 8223572508, 13566678376, 13566678378, 13566678380, 7500951328, 7500951319, 5848020854, 7500951317, 5720383660, 7932051807, 7500951329, 12173078749, 7500951377, 1683508881, 5860514229, 9094150320, 2874367194, 8860843423, 2874367189, 8895194959, 7498325838, 7500934551, 7501272922, 7501272982, 1683508897, 11483573835, 2874368203, 2874367171, 7501293493, 12210302922, 12210302923, 7501293503, 8923125817, 8923109714, 8923059998, 8923126648, 8923101541, 6416662096, 8923034635, 1683508949, 2874367190, 5853459885, 8087673072, 5853459888, 5853460240, 5304677427, 5304675800, 5304677514, 5304677430, 5853479016, 12210502209, 5304677634, 5304677639, 5977388195, 5977388203, 5977388205, 12210502169, 12210502167, 6124070560, 6124070561, 8839182605, 8075003207, 5977387881, 1682779071, 6124071289, 5977388626, 3870918426, 1683508997, 5854748095, 5854748088, 5854748087, 3870918431, 5854747558, 5854748101, 4494013350, 4518984382, 5853460141, 4494013347, 12201206726, 5854747829, 5854747821, 12201206742, 5977388497, 5984257342, 5854747808]"
11867350804,5869381259,4,13826.94,"[11867350804, 11867350785, 7515586150, 11867350782, 7515589719, 7515589712, 5245372157, 8068260622, 5245372129, 5245371817, 4432212644, 8065829669, 4432212661, 4432212662, 4432217200, 4432216249, 4432216276, 4432217225, 7994485639, 7994485650, 9083576264, 8863032658, 8095378991, 4423485321, 8883416559, 8039968804, 10094755870, 9163827938, 8353960339, 8338748082, 9163827929, 9163827925, 11475342484, 7501206636, 11475342485, 4432249427, 4432150256, 4432251833, 4432251835, 12204842938, 7994604689, 9163814398, 7511995002, 7511995010, 9908986088, 5687657389, 10262177740, 11982302342, 11982302351, 7503616085, 3587578756, 5865559720, 5865559719, 5865559707, 5865559706, 10154355986, 10617636407, 7862224442, 9769023814, 9769023811, 12201121897, 12201121901, 12201121893, 6517760280, 1510533848, 9066972880, 4474784096, 9028025566, 9766896517, 4474886182, 7814729982, 9766896526, 7814729970, 7814742962, 8087608938, 9766896536, 5869305991, 5869305990, 5869381259]"
11867282374,5869381259,2,5158.4,"[11867282374, 7459112636, 11867282372, 7459112632, 9766924846, 4456409600, 7814818524, 12869476632, 4423448757, 4423450073, 4423450087, 6272855177, 5869382695, 5869381236, 9766896631, 5869381259]"
12058424974,5885419643,3,23402.5,"[12058424974, 12058424968, 4385115501, 7491785004, 1511950158, 11235048720, 10567198219, 1511950141, 3274410752, 5984364066, 5984364054, 12058512111, 1511950118, 5042819709, 1511950114, 11030175680, 9911445013, 5984364750, 359332584, 4382170884, 7491789744, 12058512137, 10113324770, 359332573, 10235906700, 5984365374, 359332569, 5854569429, 5984365757, 5984365173, 5984366283, 359332562, 5984589732, 5984365513, 4379027614, 7510496469, 5984366378, 5984364982, 12058512178, 4379027624, 4379027607, 12058512182, 4379027594, 7495734191, 5984364937, 4379025873, 7498419829, 4379025861, 12058512245, 9613096915, 7498419835, 12058512293, 7495919806, 7498419861, 7495919814, 7498419865, 1986376187, 12059593467, 1986376241, 12059593531, 12059593518, 5984364759, 13446387980, 9382346948, 7498578074, 13442622527, 359332457, 12059593643, 5906420054, 7495691450, 359332717, 9613107322, 359332730, 359332736, 7498258263, 7498258264, 4623805346, 5984366128, 7498628225, 7498628212, 9603093366, 5978065165, 7494427530, 5978062407, 7494427553, 7494427551, 11758650957, 5848630342, 5978062081, 5991512469, 7492379608, 7498048742, 7598002787, 7506238382, 5978061906, 2919849409, 5978061620, 649345185, 11032081643, 343718257, 2919870114, 5852842363, 1511767591, 5869103910, 3929044450, 3929044451, 3929044437, 5850344705, 3929044436, 5974111803, 5974111637, 7479528003, 7478507654, 5850345024, 3929009733, 6124094907, 6124094982, 3929044431, 12863169697, 5847617525, 5847617541, 11298574203, 11309516081, 11309512370, 5847617723, 12863169627, 12863169625, 5974111662, 11298574296, 5984518742, 5974111162, 5984427165, 5856180318, 5856180266, 6124094811, 5885419719, 2570363353, 3929055050, 5885419676, 3929055459, 12860065799, 12766567873, 5856180233, 5856180073, 5856180169, 5885419634, 5885419643]"
11107057396,5885419643,3,16237.08,"[11107057396, 5860108737, 5860108787, 5860314583, 2920488276, 2920491159, 5860108746, 5860108745, 11865881490, 11865881485, 11865907253, 6236173017, 3930040890, 2920491175, 2920488282, 13671319731, 5860059823, 2920491181, 5860314475, 5925669058, 2920491348, 306541525, 7457004972, 7449320014, 5859969011, 5886838216, 5859969201, 7444539952, 7444539943, 5856352893, 2920491160, 5856352173, 5859969138, 5859969131, 5859969124, 5859967676, 5859967677, 5859895780, 5859895900, 5859895901, 5857516712, 5857516721, 2920491395, 2920491119, 2920456202, 5885419332, 5885419644, 5674111438, 5885419765, 2920445960, 5849700067, 4443302176, 4443302411, 4385109839, 5885419634, 5885419643]"
12210302506,5854747808,2,7633.02,"[12210302506, 6124197664, 12210302531, 5984256760, 5984257164, 5984257171, 8851216511, 5304675800, 5304677514, 5304677430, 5853479016, 12210502209, 5304677634, 5304677639, 5977388195, 5977388203, 5977388205, 12210502169, 12210502163, 5977387854, 6124071341, 8839216523, 8839182605, 8075003207, 5977387881, 1682779071, 6124071289, 5977388626, 3870918426, 1683508997, 5854748095, 5854748088, 5201315715, 3870918436, 5854748193, 3870918437, 5854747833, 5854747829, 5854747821, 12201206742, 5977388497, 5984257342, 5854747808]"
8928063208,7465697405,2,17261.64,"[8928063208, 11453274802, 9926521830, 10110997531, 10110997539, 12220945636, 12220945630, 7968933281, 7968933275, 7968933274, 7968933268, 7485033850, 7485033874, 1126485539, 11449817387, 11404924554, 12220945664, 4625540707, 4625540737, 12220945654, 5242503242, 11405933031, 11406042892, 12229826312, 11406042878, 9960031197, 11921263018, 1126485401, 10012203423, 9816327211, 4385242257, 5849553460, 4385242282, 5849553451, 10014433767, 5849553445, 8065287461, 8856106961, 11390096453, 8065287483, 11475342552, 12220945696, 13017227862, 8997710770, 8997710738, 8997710736, 8065287426, 8065287389, 8065262471, 5242505287, 11390268205, 8065117337, 12221187192, 12221187193, 5689930347, 5242554548, 5862722612, 5922901688, 10012857416, 1537821613, 10012879249, 12909315893, 11924715726, 8153745542, 7997143045, 5868382741, 5868382734, 12005951178, 6573833659, 5864904757, 5864904756, 5864904740, 7465842885, 12217476262, 1537830453, 1537830404, 1537830454, 11307151459, 12217476251, 1537830468, 5588299370, 1537830391, 11307361980, 5589634751, 5589634750, 7465697405]"
12210279227,5869381259,3,5923.32,"[12210279227, 12210279220, 12210279216, 12210279198, 7867895570, 7867895569, 7867895559, 12201121825, 7865801311, 8075072451, 8075072455, 6517774200, 6517774195, 6517774177, 6517774131, 7814729962, 7814729967, 7814742962, 8087608938, 9766896536, 5869305991, 5869305990, 5869381259]"
7481747892,5885419643,4,30784.78,"[7481747892, 5656924468, 10102974094, 5645265681, 7498093418, 7484747513, 7485105560, 4385136634, 4385136612, 5987612309, 7484367150, 5987856520, 5680939091, 5242547818, 5242548322, 5680929891, 7484367707, 12054223622, 5680929889, 356643973, 7477619770, 356643971, 9158341375, 11519937618, 12053276136, 5978071070, 5978071074, 9602743407, 12053276149, 12053276148, 5978071078, 7505134064, 7469477891, 7469477961, 4347764905, 7496609464, 11519958979, 7496629389, 7496629424, 7496930228, 7496629404, 5985152401, 7496930230, 7496930233, 10284300792, 1511950037, 5977954518, 5978071596, 356643951, 5978071599, 12054395459, 12054395709, 9645749544, 12054395468, 7505486142, 7497193406, 12054395472, 7505486149, 7497193403, 7254927210, 12053276252, 9784896277, 5978071605, 12053276257, 9971414986, 9645737215, 7509589868, 7506565372, 5978071610, 12054395584, 5977953933, 5985152410, 8375014640, 356643910, 12054395646, 7506528482, 1126468866, 5977954362, 7506528476, 9769023803, 359332901, 7506547195, 359332864, 3955490671, 3765602401, 1126468565, 1126468691, 3971491965, 3971491967, 3927502933, 4011332863, 1474006767, 3927503140, 3927503142, 12059593605, 345211017, 3951813058, 3951817932, 7497418807, 7497418806, 7484159425, 3984696710, 3984711974, 5973768965, 5973768771, 7484066008, 12060462956, 5978071693, 5978071694, 1126468577, 2920150421, 5973765378, 1474030325, 3930271573, 5973765352, 7485221378, 3930271574, 7485221373, 7484370963, 12060462988, 5978062268, 12060463035, 7485221363, 1126468689, 7494577563, 1126467956, 7485221334, 12060523297, 12060523278, 12060523255, 6122384968, 12060523311, 12060523317, 5978062841, 1126468135, 1473210584, 5978061494, 1473210582, 12060523337, 5978062798, 7492274602, 5978062783, 5978062787, 5848629942, 11085019783, 10230450602, 334547231, 8556389577, 12060746809, 12060746815, 5978062867, 12060746821, 5042872034, 8556386824, 5042872026, 11032150267, 5978061489, 5978062973, 5978062972, 4385294668, 11206993593, 5978062953, 5848630289, 5863139084, 5978064044, 5852575361, 7598002787, 7506238382, 5978061906, 2919849409, 5978061620, 649345185, 11032081643, 343718257, 2919870114, 5852842363, 5852842333, 3929044451, 3929044437, 5850344705, 3929044436, 5974111803, 5974111637, 7479528003, 7478507654, 5850345024, 3929009733, 6124094907, 6124094982, 3929044431, 12863169697, 5847617525, 5847617541, 11298574203, 11309516081, 11309512370, 5847617723, 12863169627, 4385356609, 5974111836, 9559858211, 9559858206, 5847616970, 5847616969, 6124094770, 5848427204, 5848427111, 5974111597, 3929055515, 12860029975, 6124094839, 2570363353, 3929055050, 5885419676, 3929055459, 12860065799, 12766567873, 5856180233, 5856180073, 5856180169, 5885419634, 5885419643]"
12221868418,7465697405,6,16737.61,"[12221868418, 12221868401, 12221868400, 9838085954, 12221868388, 9894338250, 11928513192, 11928513202, 11928513221, 11505288599, 7924198906, 12217430995, 12217431026, 7924198843, 7924198832, 12200693793, 1126515914, 11294970851, 12865981728, 11294970848, 5860294960, 11294980951, 11294973221, 11294973222, 11294954482, 12217430906, 1126516262, 4759168921, 1126516760, 11295026060, 4759182135, 12221810260, 11295026063, 12221810196, 12221810127, 11295026066, 12221809941, 10012895845, 12221809947, 12221809891, 5860763790, 671562847, 5859214251, 11295040270, 11295040277, 12221810081, 12221809817, 671562842, 12221810000, 12221809788, 10012893637, 12201084450, 12201084402, 1126515969, 1126516272, 10012839951, 7464342861, 5868382749, 8928530368, 11924672015, 11240754063, 1537821494, 11675917031, 5852761561, 1537821613, 10012879249, 12909315893, 11924715726, 8153745542, 7997143045, 5868382741, 5868382734, 12005951178, 6573833659, 5864904757, 5864904756, 5864904740, 7465842885, 12217476262, 1537830453, 12217476254, 12217476251, 1537830468, 5588299370, 1537830391, 11307361980, 5589634751, 5589634750, 7465697405]"
12198291777,5869381259,2,12008.6,"[12198291777, 8883454038, 9029027756, 4432379745, 9642678848, 5862946554, 4475797121, 7510117949, 5579701787, 5579701788, 9642678886, 4996417092, 4996417096, 7505170093, 9642678856, 4697197927, 13025677746, 7503450414, 9642678868, 6113453834, 1881948398, 1848120927, 1848120909, 1848120933, 1848134130, 1861077051, 1861076993, 1510533667, 2402607273, 9642974648, 5214044923, 1510533759, 5860601752, 12174097160, 1510533792, 8344356475, 9080159021, 7868501084, 5865559482, 9766872311, 13564001769, 9044961806, 9044944155, 1510533848, 9066972880, 9066936707, 9066972855, 9044930666, 8075072475, 8075072465, 5720383624, 9766889988, 12204843022, 9766889983, 5869305990, 5869381259]"
10033993755,7465697405,4,26314.82,"[10033993755, 6199708826, 5883311414, 3927486923, 8065394474, 3927486929, 8889478285, 8889488733, 5849953211, 3927486933, 5883311243, 5847832969, 5117040519, 6199709054, 12220443418, 5883311505, 5886345943, 11556792812, 6199709490, 5117040497, 5117040487, 1537913336, 1511951013, 8838101255, 5883311730, 11503790210, 5883311758, 4379204141, 5883311607, 11956146894, 5883311722, 1511951018, 1511951032, 5883945217, 13684085887, 13684085818, 12220108783, 1537913330, 4385154332, 9966853171, 1537913177, 5884018220, 11868543238, 11868543254, 5884018242, 5884018239, 8887660663, 4379185641, 5856810659, 11868615503, 5860608315, 5856810666, 12220945588, 11453274849, 1537920883, 8887678644, 8887653594, 11871556247, 1126485573, 9970062540, 10007869210, 1126485193, 7637393283, 1126485361, 5849574852, 11406042878, 9960031197, 11921263018, 1126485401, 1906781660, 12000204240, 5849574842, 8222122998, 5849553407, 12005856871, 11475665874, 11475665884, 13335523405, 12220945984, 12220945973, 2705338781, 12220945947, 12220945914, 11406897655, 8856087287, 8997710744, 8866492606, 11406892925, 8065287389, 8065262471, 5242505287, 11390268205, 8065117337, 12221187192, 12221187193, 5689930347, 5242554548, 7465288789, 12221187242, 12221187241, 5864904464, 11290237024, 11290237029, 11290237026, 12909315893, 11924715726, 8153745542, 7997143045, 5868382741, 5868382734, 12005951178, 6573833659, 12217476316, 11825948544, 12201084695, 12201084696, 12201084699, 9951310725, 9951310729, 1537830391, 11307361980, 5589634751, 5589634750, 7465697405]"
671580067,7465697405,2,31238.73,"[671580067, 12006104594, 1906745489, 12006104595, 2605984149, 12222032626, 4385996186, 12221987212, 10865563931, 334549989, 12221987213, 12221987187, 11824237017, 12221987162, 11824237014, 4386002847, 5849596104, 5849596096, 4386007008, 11268791493, 4386007006, 12221987151, 4386007001, 1489652078, 8865810259, 12198699611, 12198699604, 11373228411, 11373228413, 5854125660, 5854125657, 5854125654, 7915503413, 12221987091, 5856440128, 12221987095, 12857246096, 5856440134, 7915400117, 5112554546, 11294672753, 12200693634, 7992323871, 7992383350, 7992400390, 7992324044, 2605984146, 11294678456, 2605984168, 7474458090, 11254462609, 7992403802, 7992419006, 7992419017, 12200693668, 12200693679, 11254462597, 7992448948, 7992449152, 7992449144, 11254438952, 4385607936, 4385607932, 4385607928, 1126516396, 1126516068, 7674196591, 7674196586, 11928409164, 7674172576, 7674172584, 12200693686, 7674195943, 7674195905, 7674195932, 12217431063, 7674195915, 12217430996, 7924198906, 12217430995, 12217430972, 12217430951, 7924198843, 7924198832, 7924198828, 7924198765, 12217387200, 12217430714, 12217430728, 12217430734, 12217430743, 12217430745, 4778179873, 12217430791, 1126516760, 11295026060, 4759182135, 12221810260, 12221810262, 12221810264, 12221810207, 12221809892, 12221809980, 12221809975, 12221809971, 12215720198, 11295040270, 11295040277, 12221810081, 12221810060, 12221810022, 12221810021, 8856059367, 671562839, 8856044967, 12221810082, 8856079460, 4666566277, 12221809729, 11924600918, 12221809765, 12221809751, 10012879290, 10012879292, 12201084506, 12201084531, 11825948535, 3897701073, 3897701059, 12006038166, 12006038158, 1906781672, 1126516567, 4379170244, 12217476115, 12201084602, 4379169618, 11450024401, 7465697411, 11450038873, 12221187323, 11450033368, 8562374724, 8562375431, 12217476197, 12217476204, 12217476211, 5589634750, 7465697405]"
7476069477,5885419643,2,25920.94,"[7476069477, 5977954608, 7491029224, 359332662, 7491010152, 359332675, 7491057512, 7492028548, 10188415653, 9992362680, 2604599724, 10142076934, 5977953895, 7475979612, 5977954601, 1537942579, 5977954526, 334547722, 7506565365, 7330884236, 7496542125, 7475979657, 7475979648, 7507131751, 13448389458, 8559546195, 13448389455, 5985152433, 345211009, 359332841, 345211012, 3927502938, 345211017, 3951813058, 3951817932, 7497418807, 7497418806, 7484159425, 3984696710, 3984711974, 5973768965, 5973768771, 7484066008, 12060462956, 5978071693, 5978071694, 1126468577, 12060462910, 7484791959, 7483739710, 12060462912, 4623777462, 1126468373, 359595951, 5973765348, 359595940, 7485221316, 359595913, 10208698794, 7485221331, 7485221333, 7485221330, 359595906, 7485221346, 359595891, 359595870, 7820903407, 7483883335, 7483883349, 7483883346, 5978062768, 5978062773, 5984508375, 9814200868, 2604599741, 359592957, 9833299592, 5978063085, 5978061543, 2604599736, 2919806546, 5449671430, 10196471154, 5978063336, 10012929997, 12512290498, 12512299302, 12512290496, 10188151176, 11107129290, 10012929999, 10012929993, 10012930000, 10012930001, 10012930002, 10012929990, 10012930003, 10012930004, 10012930005, 10012930006, 1511767588, 1986388363, 5978061628, 5978061538, 5978061875, 1986388352, 1474269758, 5850821164, 5977403317, 8568704199, 5977403303, 7484477027, 5977403293, 1474269714, 12061464781, 12061464786, 5850821410, 5974593265, 9822220820, 11456449445, 5977506760, 12061464879, 5977402457, 5193018477, 5977402466, 5977417663, 7485000107, 12061464904, 1474270488, 5977417576, 12061464915, 12061464918, 5977417584, 5977417587, 12061464919, 5977402475, 5977402474, 5850820774, 12061464930, 5977417556, 1986388381, 12062336207, 7485274132, 5977417637, 7484984883, 6119853755, 12062336237, 5977417864, 12062336265, 6119853769, 5863437026, 11461322221, 3930214773, 11461322213, 3930214245, 3930214211, 7489444797, 5977417751, 3930214254, 6120039145, 7488021956, 3930214777, 12062336392, 3930214758, 5847468231, 12062328334, 3930214765, 5847467678, 12062375687, 7487956504, 7484907332, 5847467668, 5847467664, 12062375881, 3929055044, 5848058239, 7491502783, 3929055475, 3929055482, 3929055483, 3929055484, 3929055487, 3929055505, 7491691217, 5847711256, 5847711010, 5847711009, 5847711008, 5847711007, 5885419348, 5847710999, 5847710997, 5847710994, 5847710922, 5847710912, 7489050197, 2920427582, 5857701525, 2920441911, 5885420189, 5857701466, 5847710970, 5847710906, 5885419313, 5847710857, 7489112005, 5847710796, 5885420148, 7489155937, 5885419622, 5885419616, 5856180056, 5885419652, 5856180169, 5885419634, 5885419643]"
5886108136,5869381259,2,10543.66,"[5886108136, 5886106714, 5886106716, 4474773312, 4474773304, 5864397025, 4474749488, 4474749476, 4474749702, 4474749696, 5245387193, 4474749573, 5864396792, 5886106401, 5886106409, 5886105700, 5886106306, 5864312975, 8087608973, 5886106838, 2908527561, 1510534167, 2908529261, 11099225996, 8061389792, 5864396911, 8081847562, 5864396888, 5886106291, 5864396877, 5886282685, 8081847539, 5864313143, 8842249959, 5867898883, 9766896587, 8842249985, 9766896595, 5869253647, 5869287788, 7994744644, 9766896570, 11818672164, 4423468586, 4423468549, 4423468425, 4423468411, 4423468401, 4423467681, 9766896613, 4474507455, 5869382695, 5869381236, 9766896631, 5869381259]"
12220736579,7465697405,3,30828.85,"[12220736579, 8828846403, 12220736580, 12215578940, 12215578938, 7483574075, 5453999342, 12215578942, 4385030529, 7483901305, 11029831546, 6195924803, 9960970467, 9960970468, 5886438755, 12215578949, 4385271238, 11824788447, 11824788446, 11824788451, 2604599709, 4385252776, 8829206869, 9961023356, 9961023359, 2604599714, 334548909, 8829216011, 5886438785, 9959525046, 9959525047, 7523559176, 4385151517, 4385151536, 4385151539, 12215578997, 4385151567, 1537924979, 1537924982, 10012744093, 5884017776, 1537925090, 1537924962, 1537920855, 1537920890, 5884018190, 5884017993, 5861115099, 6193834843, 8062228707, 12201085102, 10255554141, 8062177966, 5884017828, 6193834482, 5828561938, 4385239153, 4385239902, 1126485360, 9959901192, 8997911092, 5918717533, 1126485170, 11391361585, 8997911114, 8997911095, 1126485574, 11391361624, 1126485400, 11390441228, 7949692471, 1126485438, 1537838005, 13671315372, 11406041852, 11449836649, 5865803222, 5919467725, 1126516785, 10048637233, 11390110240, 8997877069, 2705340330, 8997710790, 5242505307, 5242505306, 5242505301, 8065287460, 5689931341, 5689930402, 8065117326, 5689930347, 5242554548, 5862722612, 5922901688, 10012857416, 1537821613, 10012879249, 12909315893, 11924715726, 8153745542, 7997143045, 5868382741, 5868382734, 12005951178, 6573833659, 12217476316, 11825948544, 12201084695, 11307151449, 11825948531, 1537830468, 5588299370, 1537830391, 11307361980, 5589634751, 5589634750, 7465697405]"
8041986754,5854747808,3,20999.67,"[8041986754, 12196902479, 9105749096, 2874305675, 8060838512, 5848051102, 5848051110, 11908885284, 7862516611, 7862516609, 7862516598, 5848051427, 5848051434, 11144337790, 8347783288, 12784198337, 8079732643, 8050946112, 7507508353, 2402605866, 9034988194, 9034988192, 7502617038, 7814649248, 2904558017, 8050982760, 7462771093, 12173078731, 12173078740, 5720383660, 7932051807, 7500951329, 12173078749, 7500951377, 1683508881, 5860514229, 9094150320, 2874367194, 8860843423, 2874367189, 8895194959, 7498325838, 7500934551, 7501272922, 7501272931, 8895218593, 9807848841, 8895203348, 9835171033, 2874368203, 2874367171, 7501293493, 12210302922, 12210302923, 7501293503, 8923125817, 8923109714, 8923059998, 8923126648, 8923101541, 6416662096, 8923034635, 1683508949, 2874367190, 5853459885, 8087673072, 5853459888, 5853460240, 5304677459, 5853479033, 5304677626, 13410298654, 5304677516, 5853479084, 2403411091, 2918242623, 2918242622, 6124070561, 8839182605, 8075003207, 5977387881, 1682779071, 6124071289, 5977388626, 3870918426, 5977388331, 5977387138, 5854748095, 5854748088, 5854748087, 3870918431, 5854747558, 5854748101, 4494013350, 4518984382, 5854748193, 3870918437, 5854747833, 5854747829, 5854747821, 12201206742, 5977388497, 5984257342, 5854747808]"
7491936948,5854747808,2,14819.59,"[7491936948, 7491702902, 5200034453, 1862573502, 5188504140, 5188504198, 13020882548, 7507060526, 7507633047, 2908799211, 10222804268, 5976512214, 5681559967, 5681559963, 5681564599, 7507046700, 7507046751, 5681559940, 5973876432, 5973876757, 2403442884, 1683509019, 5681537856, 5973876644, 4501927867, 4502268526, 5243814446, 4502268501, 4502268464, 5974291563, 11483505954, 5973876409, 5974291894, 5973876773, 5199820702, 4503821430, 5851129916, 6040204974, 6124071319, 6272133135, 4504056732, 5851128303, 5851129893, 4504053598, 5854747976, 12201206759, 12201206760, 12201206751, 5201321300, 5854748071, 5854747833, 5854747829, 5854747821, 12201206742, 5977388497, 5984257342, 5854747808]"
12210502356,5869381259,4,9567.29,"[12210502356, 5865024155, 5886107793, 5886107799, 8891725021, 6031752882, 6031752874, 4432530473, 2907518634, 5864313369, 5720456735, 8061355639, 12210279309, 7865724720, 7865724719, 11483566001, 13564151621, 5864312952, 5864313521, 4423468418, 4423468472, 5864312696, 13564119663, 9766896552, 5864312714, 7839912621, 8068350939, 4996598773, 4996598764, 5869375074, 5859722621, 5869305991, 5869305990, 5869381259]"
7471354289,5869381259,3,10616.67,"[7471354289, 12173085689, 5863064368, 5863064494, 5863064491, 7513238473, 12201121787, 7509556590, 4432253321, 12210279469, 8087609020, 4432253353, 8865365959, 12201121797, 12201121798, 5245383690, 597417586, 597417590, 7501401740, 9822213270, 12174097054, 9163838166, 4428843500, 12201121805, 4428843537, 5070872808, 5865572021, 6517760235, 10153859233, 13564013626, 12201121896, 12201121893, 6517760280, 1510533848, 9044944155, 9044944151, 9066936707, 9066972855, 9044930666, 8075072475, 8075072465, 5720383624, 9766889988, 12204843022, 9766889983, 5869305990, 5869381259]"
12981614179,5869381259,3,13313.73,"[12981614179, 12981614185, 1909586704, 5873224490, 5873231879, 5214009124, 8087608937, 5873184414, 1474320174, 5214129315, 9766931785, 4474749067, 7858926233, 11867228835, 7814412911, 7812978408, 7812978399, 4423403840, 9766924928, 9766924923, 9766924916, 11818577482, 4423403810, 9903323131, 9903323124, 11197553856, 8075072518, 9766924849, 9825408071, 7459112632, 9766924846, 4456409600, 7814818524, 12869476632, 4423448757, 4423450073, 4423450087, 6272855177, 5869382695, 5869381236, 9766896631, 5869381259]"
8880406369,5854747808,4,17779.64,"[8880406369, 8880406373, 8880402725, 12173078704, 12173078710, 12173078712, 12173078722, 12173078724, 12173078721, 5720383678, 5720383681, 8050982772, 8050982764, 12173078771, 8850963531, 13563599775, 5856829100, 8895223230, 8895223227, 8860843422, 5864893422, 8895234824, 2874367189, 8895194959, 7498325838, 7500934551, 7501272922, 7501272982, 1683508897, 11483573835, 2874368203, 9835171033, 8857550991, 8857550995, 8850944972, 4423455334, 8895149567, 7503533870, 8895233699, 8917201798, 8930986098, 13415187054, 8345680263, 12210279613, 12210279622, 12210279626, 12210279628, 7471742979, 7471742958, 8087673062, 7043121554, 8087673066, 8087673072, 5853459888, 5853460240, 5304677427, 5304675800, 5304677514, 5304677430, 5853479016, 5304677448, 5304677433, 5977388520, 5304677452, 5304677649, 5304677639, 5977388195, 5977388203, 5977388205, 12210502169, 12210502167, 6124070560, 6124071341, 8839216523, 8839182605, 8075003207, 5977387881, 1682779071, 6124071289, 5977388626, 3870918426, 1683508997, 5854748095, 5854748088, 5854748087, 3870918431, 5854747558, 5854748101, 4494013350, 4518984382, 5853460141, 4494013347, 4494013213, 5854747580, 5854747808]"
8081847552,5869381259,2,7254.36,"[8081847552, 5886107127, 5720393123, 5864313155, 5864313143, 8842249959, 5867898883, 9766896587, 8842249985, 9766896595, 5869253647, 5869287788, 7994744644, 9766896570, 11818672164, 4423468586, 4423468549, 4423468425, 4423468411, 4423468401, 4423467681, 9766896613, 4474507455, 5869382695, 5869381236, 9766896631, 5869381259]"
5848051150,5854747808,2,20517.33,"[5848051150, 5848051420, 1683508775, 5848051374, 12210465454, 12210465455, 12210465448, 8061255212, 7462825093, 7459459183, 7459459145, 5848020770, 7500951316, 5848020778, 11483613179, 5848020788, 9084473848, 7457094270, 8851019726, 13566718926, 7457094255, 8868160518, 5863199958, 5863199945, 5201277503, 5201277516, 12210465257, 12210465194, 12210465243, 12210465192, 5201277829, 5201277832, 7451688488, 7451688490, 7451688510, 7451688515, 7881223106, 8925412011, 7883620136, 8925427105, 8925403689, 8925673508, 4494024332, 6129318490, 4494024383, 4494024889, 8079732980, 8087672949, 8087672938, 6129318491, 8891812098, 8927974063, 5855842729, 5201288803, 5855842737, 5201288792, 8928632557, 5855842444, 5984257382, 8068350740, 5984257307, 5984256734, 8068350763, 5984257526, 6058681935, 4502294957, 5984257479, 8353821962, 8353842131, 5854747574, 5854747580, 5854747808]"
7479643231,5885419643,2,19811.34,"[7479643231, 11432949438, 11432949431, 2322895802, 7478477799, 7479643263, 3930223898, 3930223110, 7478469954, 10079500286, 3930223109, 5973765363, 9602979432, 6120249944, 12060802839, 5978063499, 359595734, 5978063702, 7478477838, 5978063504, 5978063557, 7489735816, 9814200860, 5978063520, 5978063506, 1511767590, 5978063362, 1511767589, 5978063370, 12060802859, 5978063372, 1126468218, 1511767582, 5978061366, 5978061600, 6120249963, 5974593269, 7765499978, 7484687731, 7734722724, 1511767577, 7484687721, 7715901945, 5850821434, 5850821411, 5974593267, 12061464787, 3930223920, 3930223916, 3930223933, 5977418019, 1986388415, 11032417176, 1986388392, 7485177729, 1986388361, 1986388419, 11032406980, 12061511462, 11032405270, 5974590436, 5974590432, 1986388405, 5977417994, 5977418008, 5977418011, 5974590468, 7489079618, 12061511494, 1986390589, 7488612943, 6119853963, 6119853967, 7488612942, 12061511515, 7488605116, 1986390598, 5977416724, 5974593231, 1986390657, 7488600965, 5974593186, 7489444853, 7488605098, 1986390545, 5974593193, 7489444847, 12062418744, 5974593210, 5974593202, 5974593207, 12062418766, 8864729615, 5883448226, 7479932412, 7658762354, 5883448100, 7479385607, 7479385611, 7479925056, 12062445939, 7479222719, 12062445943, 5883448478, 6119854053, 5883448219, 5883448082, 12062445954, 12062445960, 7478966686, 7479531752, 5883448145, 5883448144, 7488373113, 12062375797, 12062375801, 7488373105, 7479516628, 5042847600, 7491366277, 12062375850, 5119281931, 5117014361, 5848058348, 7488373140, 5848058345, 5848058341, 5883448402, 7491691224, 7491857510, 8865055581, 12062446135, 7485074019, 7485074061, 12062446138, 5883448741, 5848058312, 5848058307, 12062446145, 12062446148, 12062446151, 5848058292, 5883448653, 2920328943, 5848056553, 5848056581, 6258914917, 5847710982, 5847710980, 5847710911, 7489050207, 7488955896, 7488955899, 2920427582, 5857701525, 2920441911, 5885420189, 5857701466, 5847710970, 5857701790, 5885419599, 12865642151, 5885419376, 5885419745, 12865642155, 5885419717, 12865642161, 7489155937, 5885419622, 5885419616, 5856180056, 5885419652, 5856180169, 5885419634, 5885419643]"
11032406305,5885419643,2,13414.57,"[11032406305, 11461322202, 11461322214, 11461322213, 3930214245, 3930214211, 7489444797, 5977417751, 3930214254, 6120039145, 7488021956, 3930214777, 12062336392, 3930214758, 5847468231, 12062328334, 3930214765, 5847467678, 12062375687, 7487956504, 7484907332, 5847467668, 5847467664, 12062375881, 3929055044, 7492323448, 7488021957, 3929055520, 5847616930, 3929055465, 5847711193, 5984518764, 5984518742, 5974111162, 5984427165, 5856180318, 5856180266, 6124094811, 5885419719, 2570363353, 3929055050, 5885419676, 3929055459, 12860065799, 12766567873, 5849708316, 5856180214, 5849700075, 4443302411, 4385109839, 5885419634, 5885419643]"
13028313801,5854747808,4,14454.68,"[13028313801, 5887062544, 5887062688, 5887062685, 5887062666, 2403442988, 5866476042, 8081847669, 5887062999, 5199757888, 2403442848, 5973875373, 4502413276, 8081847747, 6023043031, 4502418281, 6023042848, 6023042842, 5973876115, 6023750763, 4501927842, 4501927858, 5851129740, 5851129739, 5851129723, 11817885538, 4502268526, 5243814446, 4502268501, 4502268464, 5974291563, 11483505954, 5973876409, 5199820676, 5974291894, 5973876773, 5199820702, 4503821430, 5851129916, 6040204974, 6124071319, 6272133135, 4504056732, 5851128303, 5851129893, 5073267349, 8895294241, 4504053599, 4504053598, 12201206768, 8862973182, 5854747963, 5854748220, 3870918437, 5854747833, 5854747829, 5854747821, 12201206742, 5977388497, 5984257342, 5854747808]"
10185742824,5885419643,1,11218.04,"[10185742824, 10185742825, 10185742823, 5127631065, 5883448656, 8864728703, 5127631099, 5883448273, 12062375677, 5883448192, 5119322353, 12062375879, 7487956522, 5127631076, 5847467664, 12062375881, 3929055044, 5848058239, 7491502783, 3929055475, 3929055482, 3929055483, 3929055484, 3929055487, 3929055505, 7491691217, 5847711256, 5847711010, 5847711009, 5847711008, 5847711007, 5885419348, 5847710999, 5847710997, 5847710994, 5847710922, 5847710912, 7489050197, 2920427582, 5857701525, 2920441911, 5885420189, 7489086526, 7488955891, 5847710880, 5847710970, 5847710906, 5885419313, 5847710857, 7489112005, 5847710796, 5885420148, 7489155937, 5885419622, 5885419616, 5856180056, 5885419652, 5856180169, 5885419634, 5885419643]"
12058424884,12058424929,1,1956.39,"[12058424884, 12058424879, 12058424885, 4382169811, 11822834683, 12058424963, 12058424978, 12058424941, 12058424929]"
5864894057,5869381259,2,18912.84,"[5864894057, 5864894041, 5864894045, 5864894058, 11867168911, 11867168906, 8066131439, 7862426399, 7862426411, 5864893999, 5160565452, 5872956482, 5872956589, 5926206182, 5926206595, 8848941427, 5926206611, 4432157967, 7780123827, 12215421359, 4432157935, 4432157931, 12215421356, 12215421354, 12215421244, 5886282773, 5886282557, 8066131466, 11867250627, 11867250622, 5868979286, 5864396978, 4475888689, 5864396558, 5864396540, 5864396532, 5886105905, 5886105777, 5886105915, 5886106202, 5886105440, 5886105434, 5886105436, 5886106287, 8846403132, 5886106291, 5864396877, 8081847552, 8081847545, 5864313155, 5864313143, 8842249959, 5867898883, 9766896587, 8842249985, 9766896595, 5869253647, 5869253653, 5869253663, 5869253670, 8886733285, 9766896602, 6272855177, 5869382695, 5869381236, 9766896631, 5869381259]"
7488056759,5885419643,2,31415.8,"[7488056759, 12058464771, 12058464765, 4382162948, 4382164057, 7488056765, 4382164042, 5984807423, 9916782240, 4379150353, 4379150317, 4379150308, 4379150307, 5984807419, 4379150281, 10094786336, 7489068272, 12058464906, 4379150262, 4382168583, 7488527604, 4382168693, 4382168701, 12058464847, 7491294341, 7925753395, 5984366746, 5984364534, 7491294345, 3274428937, 7491785001, 5984365536, 3274431522, 11226295292, 3274410752, 5984364066, 5984364054, 12058512111, 1511950118, 5042819709, 1511950114, 11030175680, 9911445013, 5984364750, 359332584, 4382170884, 7491789744, 12058512137, 10113324770, 359332573, 10235906700, 5984365374, 359332569, 5854569429, 5984365757, 5984365173, 7492673224, 5984365167, 5984365506, 5984364981, 7492673221, 7492673216, 7498419870, 9754259616, 9935458162, 9754259615, 4379030769, 7510504186, 5984366333, 9613119284, 7495693944, 4443456156, 11224591965, 5984364707, 4443453653, 4443453642, 5984364626, 12058425222, 5984364611, 1126468026, 334547520, 5984366425, 334547472, 5984366238, 11224349800, 5984366166, 12059593636, 12059593637, 359333005, 359332689, 7495691457, 11221811536, 359333031, 7498258263, 7498258264, 4623805346, 5984366128, 7498628225, 7498628212, 9603093366, 5978065165, 7494427530, 5978062407, 7494427553, 7494427551, 11758650957, 5848630342, 5978062081, 5991512469, 7492379608, 7498048742, 5852842303, 13027282913, 11032081643, 343718257, 2919870114, 5852842363, 1511767591, 5869103910, 3929044450, 5992018684, 5992021292, 5992021227, 9887063528, 2477660676, 5992021231, 5992021258, 5992018676, 2920005614, 5850344210, 5974111117, 5974111460, 7483443811, 7483443865, 7483443866, 5850344346, 5974111676, 6124094669, 5974111822, 5193555155, 5974111416, 11309708155, 5974111165, 3929031817, 3929055493, 6124094685, 6190638117, 5193528865, 5974111647, 5974111651, 5974108878, 5847616969, 6124094770, 5848427204, 5848427111, 5974111597, 5974111140, 6124094839, 2570363353, 3929055050, 5885419676, 3929055459, 12860065799, 12766567873, 5849708316, 5856180214, 5856180233, 5856180073, 5856180169, 5885419634, 5885419643]"
5854609595,5854747808,3,22023.84,"[5854609595, 5886600359, 12215360835, 12215360821, 5864944815, 12198541042, 5214069348, 12215360838, 3930107270, 5868821146, 3930107276, 9044121061, 9044121085, 5868828382, 5886601236, 8852132093, 8852121121, 5868832393, 8068350631, 13017681463, 13017681465, 8870241744, 1915055645, 3930105832, 5868518471, 3930105843, 3930105842, 12198541154, 3930089245, 5887060675, 3930089570, 3930089565, 5850874320, 5886105852, 5850874314, 4731721793, 5886106525, 2908774779, 5886106139, 5886107662, 3930096871, 3930096825, 5886104380, 2908774787, 5850873904, 2908603491, 5886107943, 2908603479, 2908613984, 597417669, 5886105722, 597417660, 5850874373, 2908737550, 597417657, 4731721830, 5886106791, 2917445431, 2917452315, 7473175536, 7473175562, 5977388822, 5977387827, 2917460406, 5977388016, 6122328370, 5977387808, 5977388565, 5977387139, 5853192445, 2918209782, 13023362666, 2918216861, 12201206619, 6122496977, 6122496975, 5977388268, 2918216693, 2918212885, 5977388460, 8836417223, 8839163862, 8839163874, 5977387875, 1682779071, 6124071289, 5977388626, 3870918426, 5977388331, 5977387138, 5854748095, 5854748088, 5201315715, 3870918436, 5854748193, 3870918437, 5854747833, 5854747829, 5854747821, 12201206742, 5977388497, 5984257342, 5854747808]"
8890463981,5854747808,3,33762.85,"[8890463981, 8890463980, 5878076145, 5878076142, 5973795264, 8890501457, 7475460072, 5878076120, 8890451303, 5994351154, 5878076104, 8890451296, 8890500506, 8890500507, 7473755108, 11461396769, 5973795346, 5973795339, 4428861323, 11034632918, 5973838837, 11034632975, 11034633197, 11034632623, 5994351114, 11034632655, 5973838822, 5213794955, 5973838957, 8561481487, 5973838964, 8565369113, 5973838969, 8560923959, 8560761368, 6013317707, 8560749386, 8559824229, 5973838921, 5973838752, 8559966891, 8566325723, 6011289882, 6013317703, 5973838544, 5973838610, 6011291118, 10650001092, 7446874891, 5214012468, 6011291099, 5214013544, 1924494174, 3930110587, 5973838514, 5973839078, 8321651396, 6011290581, 8222596504, 1861654812, 5973838577, 5881677592, 5881677599, 1881927549, 5881677600, 2604478948, 5881677611, 12495441472, 1894024564, 2633853153, 5973837655, 5245381019, 12055237234, 8349051574, 5245382934, 5973839168, 7861432624, 8334881890, 8334881836, 8839235076, 8839235083, 8839235089, 5872946751, 5926206638, 8848903394, 5926206640, 5926206637, 8889654195, 4432157967, 7780123827, 12215421359, 4432157935, 4432157931, 12215421356, 12215421354, 12215421244, 5886282773, 5886282557, 8066131466, 11867250627, 11867250622, 5868979286, 5864396978, 4475888689, 5864396558, 5864396540, 5864396532, 5886106518, 5886106505, 5864396982, 5864396981, 5864396972, 5864396987, 5073063816, 5886106271, 5864396969, 1862501635, 1911057365, 5886106314, 5886105528, 5886106479, 5886106258, 5886107466, 5886106352, 5864396860, 4476183697, 8853070328, 4474749488, 5864397025, 4474773304, 2908597020, 4731705972, 5886106010, 2908597013, 245583613, 5886106531, 2908626648, 2908737560, 2908737563, 2908737556, 2908626663, 2908626654, 597417657, 4731721830, 5886106791, 2917445431, 2917452315, 7473175536, 7473175562, 5977388822, 5977387827, 2917460406, 5977388016, 6122328370, 5977387808, 5977388565, 5977387139, 5853192445, 2918209782, 13023362666, 5977388045, 5853192635, 5977388268, 2918216693, 2918212885, 5977388460, 8836417223, 8839163862, 8839163874, 5977387875, 1682779071, 6124071289, 5977388626, 3870918426, 1683508997, 5854748095, 5854748088, 5854748087, 3870918431, 5854747558, 5854748101, 5977388243, 5977388249, 6124070784, 5977388439, 6124070773, 5977388556, 5853479341, 4494013213, 5854747580, 5854747808]"
7505134076,5885419643,1,30658.96,"[7505134076, 7496609451, 7496609450, 7469411729, 7469411735, 12053276142, 9602743407, 7469477947, 7496675324, 7505134062, 12054371743, 7496675329, 8065616047, 8065616054, 4443354056, 7505378320, 12054395380, 5977954748, 12054395393, 7497193427, 1537939363, 11861531979, 1511950081, 1511950061, 5977954296, 4443449670, 7497193411, 7490977401, 12054395507, 7490977411, 7490977412, 5977954675, 5977954681, 12054395560, 12054395554, 12054395568, 5977954692, 5977954698, 7507131768, 5977954706, 5978071619, 7820903405, 5978062773, 5984508375, 9814200868, 2604599741, 359592957, 9833299592, 5978063085, 5978061543, 2604599736, 2919806546, 334547221, 7489735796, 12005595032, 12005595030, 10196471152, 7491608319, 5978061643, 1474269683, 5978061232, 12060802867, 5978064206, 12060804588, 5978064635, 1474269763, 5978064250, 8061506127, 7489695546, 5978061263, 5978064898, 1474269724, 12060804673, 5978063707, 5978061185, 7489735807, 1986381904, 5978061603, 5978063779, 5978063801, 12060804688, 12060804695, 12060804666, 11853978314, 1474269691, 5978063828, 1474269726, 1986388352, 1474269758, 5850821164, 5977403317, 8568704199, 5977403303, 7484477027, 5977403293, 1474269714, 12061464781, 12061464786, 5850821410, 5974593265, 9822220820, 11456449445, 5977506760, 7484477045, 12061464885, 7484477053, 12061464890, 5977402455, 12061464894, 7485000118, 12061464897, 1474269687, 5977506744, 1474269762, 7485000120, 1474270486, 5977416761, 12061511415, 5977506723, 1474271925, 5850821515, 12061511419, 5850821511, 7484984826, 5850821497, 5977416740, 11032404523, 5850821491, 5850821488, 5850821487, 7496774996, 11032405285, 5977417840, 7484984857, 5850750874, 11032404863, 11032368100, 6120039134, 12062336394, 5847468231, 12062328334, 3930214765, 5847467678, 12062375687, 7487956504, 7484907332, 5847467668, 5847467664, 12062375881, 3929055044, 7492323448, 5847711017, 5847711267, 5847711256, 5847711010, 5847711009, 5847711008, 5847711007, 5885419348, 5847710999, 5847710997, 5847710994, 5847710922, 5847710912, 7489050197, 2920427582, 5857701525, 2920441911, 5885420189, 7489086526, 7488955891, 5847710880, 5847710970, 5857701790, 5885419370, 5857551660, 5885419607, 5885419758, 4385109780, 4385109839, 5885419634, 5885419643]"
5978099763,7465697405,2,17032.7,"[5978099763, 5978099568, 4979574208, 5978099553, 5978099535, 11794895143, 11794895147, 12215579431, 12215579411, 12215579412, 12215579423, 7998518310, 1489651541, 5978099734, 7876436549, 8865831879, 11392516086, 11961493708, 12229821528, 12229821534, 12229821560, 7929117649, 1489651569, 7923884440, 7994786331, 5828571607, 1489651583, 7928737005, 8041438440, 12215632820, 7928737053, 5853199413, 9504203679, 8065117496, 4385091757, 4385091768, 4385091772, 9915020701, 10049413803, 5193112789, 4385091808, 1489651649, 5242524227, 5242524209, 8880158844, 12221187386, 8880163468, 1537830489, 1537830465, 12221187328, 4379169631, 11309304790, 7465697411, 11450038873, 12221187323, 11450033368, 8562374724, 8562375431, 12217476197, 12217476204, 12217476211, 5589634750, 7465697405]"
11879160197,7465697405,3,16639.86,"[11879160197, 11879160176, 4379160766, 11879327086, 11879327084, 4379160216, 12217482175, 11879327076, 4379160238, 11450036088, 12221186810, 10011129256, 7473859557, 12221170270, 12201084885, 8225043715, 12005956635, 12005956634, 12005956632, 7467452186, 1906781556, 7467435477, 4385105458, 12221186986, 4385105441, 12221187099, 12221187086, 12221187072, 8863924994, 12221187062, 8867282170, 12221187131, 5864904456, 11390280404, 5193071329, 5680933238, 2605994091, 7465800796, 12221187251, 12221187275, 8866467516, 8866471362, 5864904469, 12005951176, 12005951177, 7465800821, 9954907509, 1537830382, 12201084808, 1537830479, 5864904797, 1537830480, 1537830425, 12201084700, 1537830453, 1537830404, 1537830454, 11307151459, 12217476251, 1537830468, 5588299370, 1537830391, 11307361980, 5589634751, 5589634750, 7465697405]"
12060462963,5885419643,2,23999.71,"[12060462963, 7485221378, 3930271574, 7485221373, 7484370963, 12060462988, 5978062268, 12060463035, 7485221363, 1126468689, 5978065190, 7485221360, 7484370957, 7484159434, 5973768931, 7483739730, 5973768725, 5973768926, 10012970101, 7484791975, 6117156919, 6117156947, 7483739760, 7483739759, 7485221349, 7483883327, 359595841, 359595870, 7820903407, 7483883335, 7483883349, 8564403682, 12060523072, 12060523075, 12060523083, 10074408723, 11508633865, 359593005, 359595814, 9814200899, 12060523124, 12060523120, 2322895811, 359595798, 5978063102, 5978063109, 12060802806, 359595774, 11475824757, 5978063116, 5852575373, 5978063157, 9602979432, 6120249944, 12060802839, 5978063499, 359595734, 5978063702, 7478477838, 5978063504, 5978063557, 7489735816, 9814200860, 5978063520, 5978063506, 1511767590, 5978063362, 1511767589, 5978063370, 12060802859, 5978063372, 1126468218, 1511767582, 5978061366, 5978061600, 6120249963, 5974593269, 7765499978, 7484687731, 7734722724, 1511767577, 7484687721, 7715901945, 5850821434, 5850821411, 5974593267, 12061464787, 3930223920, 9602979433, 7484773297, 8568704220, 5850821551, 8897219849, 12061464806, 5850821555, 12061464808, 5850820639, 12061464814, 7485000119, 7485174950, 5193700883, 12061464819, 5193700877, 12061464832, 1986388395, 5977403364, 12062332578, 5193738140, 12062332642, 12062332639, 12062332638, 5977417688, 3930214207, 5977417687, 3930214249, 3930214244, 5847463200, 12061511506, 7488605158, 7488605162, 12061511517, 12061511523, 7488605115, 7488605113, 1986390598, 5977416724, 5974593231, 1986390657, 7488600965, 5974593186, 7489444853, 7488605098, 1986390545, 1986390612, 5977418037, 11032853700, 5974590406, 7489012635, 1986390588, 1986390547, 7489444842, 12062445879, 8864742918, 12062445909, 12062445914, 12062445917, 1986390628, 12062445920, 1986390507, 11032816178, 1986390581, 1986390571, 11032815941, 7479531746, 7479531694, 7479531696, 12062445963, 8919174909, 12062445971, 12062446210, 12062445992, 12062445994, 11032957143, 5883448076, 7544021111, 5204594145, 7479531740, 7479531759, 12512266213, 12512266214, 1126468111, 5883448121, 12062446250, 9792195784, 343718305, 5883448153, 5883448073, 11032942608, 5883448747, 11461244448, 12062446262, 5204594132, 5883448685, 5883448729, 7491857532, 5857782039, 7482399033, 2920318063, 7492445063, 7491691302, 5883448264, 5204593712, 5883448480, 5204593709, 2920318082, 7491691258, 2920318093, 2920318053, 5848056569, 5883448777, 2920318077, 5883448888, 5857783209, 2920318067, 2920328946, 5204593640, 5857782037, 5883448443, 7485195291, 5857701486, 5885419646, 7488955893, 7488955892, 7488955903, 7489050207, 7488955896, 7488955899, 2920427582, 5857701525, 2920441911, 5885420189, 5857701466, 5847710970, 5847710906, 5885419313, 5847710857, 7489112005, 5847710796, 5885419745, 12865642155, 5885419717, 12865642161, 7489155937, 5885419622, 5885419616, 5856180056, 5885419652, 5856180169, 5885419634, 5885419643]"
12210279338,5869381259,1,10716.76,"[12210279338, 12210279335, 11475342488, 11475342506, 7516701967, 7502904023, 7501159119, 5863008559, 4475893145, 1861077056, 11124327626, 12174097116, 9908986088, 5687657389, 10262177740, 11982302342, 11982302351, 7503616085, 3587578756, 9067002995, 9163814351, 9080149210, 8344356486, 9766872295, 9766872302, 9766872298, 13564001790, 13564001776, 6517760262, 6517760264, 6517760280, 1510533848, 9066972880, 9066936707, 9028025566, 9766896517, 4474886182, 9044930666, 8075072475, 8075072465, 5720383624, 9766889988, 12204843022, 9766889983, 5869305990, 5869381259]"
11861456919,5885419643,3,34425.64,"[11861456919, 11861456921, 11861456915, 7484740762, 7473576313, 7485105557, 7473576308, 7484740757, 12031126264, 12031143770, 12031126267, 4385128231, 12058285772, 7484367737, 7485105556, 1511950238, 12058290613, 7470770993, 5977954780, 5847863345, 10540268720, 5977954556, 5977954554, 7474907039, 5977954782, 7476069477, 5977954608, 7491029224, 359332662, 9645749527, 7506573037, 11201640065, 1537942568, 7509929051, 7142043619, 4786662352, 11432949424, 1537942566, 12058425214, 7507513729, 4379030558, 5984366411, 7509597897, 5977953934, 4379030521, 1126468269, 1126468175, 5984589944, 4009510795, 5984366143, 11224199533, 1986368768, 6095121872, 1986368762, 359332812, 359332790, 359332778, 334547426, 1473186375, 5984366456, 5978071642, 1473193708, 1473194699, 5242448720, 5978062345, 5978061277, 1126467958, 5978062346, 3930271587, 1126468645, 1126468864, 5978062479, 11210101487, 1126468061, 5978062458, 7494577571, 5978061286, 11209946843, 5848630379, 1537946170, 12060512126, 11209863194, 1473226573, 5848630360, 11209881642, 7481949368, 11209784887, 7491871641, 5848630355, 5978061626, 12060717544, 5848630363, 5978061522, 6122384381, 5978063027, 12060717562, 5848630335, 5848630334, 11209568450, 5978063014, 4385274546, 4385274536, 5978062980, 5848630297, 12060746874, 7494314808, 5853139955, 5978062953, 5848630289, 5863139084, 5978064044, 5852575361, 7598002787, 7506238382, 5978061906, 2919849409, 5978061620, 649345185, 11032081643, 343718257, 2919870114, 5852842363, 1511767591, 5869103910, 3929044450, 3929044451, 3929044437, 5850344705, 3929044436, 5974111803, 5974111637, 7479528003, 7478507654, 5850345024, 3929009733, 6124094907, 6124094982, 3929044431, 12863169697, 5847617525, 5847617541, 11298574203, 11309516081, 11309512370, 5847617723, 12863169627, 12863169625, 5974111662, 11298574296, 5984518742, 5974111162, 5984427165, 5856180318, 5856180266, 6124094811, 5885419719, 2570363353, 3929055050, 5885419676, 3929055459, 12860065799, 12766567873, 5849708316, 5856180214, 5849700075, 4443302411, 4385109839, 5885419634, 5885419643]"
11924631881,7465697405,1,10250.1,"[11924631881, 11924631880, 7465964710, 7465964717, 12201084508, 12201084518, 10014430135, 10014430134, 12201084531, 11825948535, 10111430549, 2605917997, 1906781672, 1126516567, 4379170244, 12217476115, 12201084602, 4379169618, 11450024401, 7465697411, 11450038873, 12221187323, 11450033368, 8562374724, 8562375431, 12217476197, 12217476204, 12217476211, 5589634750, 7465697405]"
10012929997,5885419643,5,21069.74,"[10012929997, 12512290498, 12512299302, 12512290496, 7489735805, 5978063313, 5978063303, 5978063169, 5978063311, 5852575427, 10012929993, 10012930000, 5978063689, 1986381905, 5978061554, 5978063788, 5978063556, 5978063515, 5978063509, 12060804669, 5852575336, 1986388364, 7491483003, 5978063494, 5978063814, 5978061640, 5978061628, 5978061538, 5978061875, 1986388352, 1474269758, 5850821164, 5977403317, 8568704199, 5977403303, 7484477027, 5977403293, 1474269714, 12061464781, 12061464786, 5850821410, 5974593265, 9822220820, 11456449445, 5977506760, 12061464879, 5977402457, 5193018477, 5977402466, 5977417663, 7485000107, 12061464904, 1474270488, 5977417576, 12061464915, 12061464918, 5977417584, 5977417587, 12061464919, 5977402475, 5977402474, 5850820774, 12061464930, 5977417556, 1986388381, 12062336207, 7485274132, 5977417637, 7484984883, 6119853755, 12062336237, 5977417864, 5977417659, 8557466039, 5863437035, 12062336269, 3930214785, 5974590426, 1474269750, 6119853785, 5977417892, 12062332668, 12062336323, 6119853794, 12062336339, 12062336171, 5118850559, 12062336176, 3930214218, 5863437013, 2604559317, 5977417727, 5977417692, 3930214757, 8853070609, 5977417977, 11032821892, 3930214225, 6119853933, 5863437015, 12062328336, 12062328338, 5977417991, 12062328344, 12062328348, 12062328346, 5847467661, 5977417764, 5977417775, 12062375683, 7487896241, 5883448193, 5883448192, 5119322353, 12062375879, 7487956522, 5127631076, 5847467664, 12062375881, 3929055044, 5848058239, 7491502783, 3929055475, 3929055482, 3929055483, 3929055484, 3929055487, 3929055505, 7491691217, 5847711256, 5847711010, 5847711009, 5847711008, 5847711007, 5885419348, 5847710999, 5847710997, 5847710994, 5847710922, 5847710912, 7489050197, 2920427582, 5857701525, 2920441911, 5885420189, 7489086526, 7488955891, 5847710880, 5847710970, 5857701790, 5885419370, 5857551660, 5885419607, 5885419758, 4385109780, 4385109839, 5885419634, 5885419643]"
12058464702,5885419643,1,35757.92,"[12058464702, 12058464697, 11413258404, 8065616082, 12058464715, 7489099040, 12058464721, 5977086568, 8866452128, 7488527492, 9956786269, 7489068225, 5984807436, 5242459734, 4385080820, 12058464793, 12058464792, 4379150345, 12058464856, 11507925621, 7488527592, 5977086797, 4382165507, 7488058118, 13521191733, 3274431516, 4382165178, 4382168701, 12058464847, 7491294341, 7925753395, 5984366746, 5984364534, 7491294345, 3274428937, 7491785001, 5984365536, 3274431522, 11226295292, 3274410752, 5984364066, 5984364054, 12058512111, 1511950118, 5042819709, 1511950114, 11030175680, 9911445013, 5984364750, 359332584, 4382170884, 7491789744, 12058512137, 10113324770, 359332573, 10235906700, 5984365374, 359332569, 5854569429, 5984365757, 5984365173, 5984366283, 359332562, 5984589732, 5984365513, 4379027614, 7510496469, 5984366378, 5984365117, 5984365177, 5984365122, 5984365121, 5984365120, 5984364943, 5984364937, 4379025873, 7498419829, 4379025860, 4379025089, 7498419821, 7497950647, 1986376218, 5984366793, 5984366792, 2838924116, 5984589699, 1537946188, 5192951186, 1537946179, 2838914882, 5984366144, 7510736095, 7498578080, 9382346950, 7498578074, 13442622527, 359332457, 12059593643, 5906420054, 7495691450, 359332717, 9613107322, 359332730, 359332736, 7498258263, 7498258264, 4623805346, 5984366128, 7498628225, 7498628212, 9603093366, 5978065165, 5978062419, 5978062411, 7494427539, 12060512100, 7494427533, 7494427553, 7494427551, 11758650957, 5848630342, 5978062081, 5991512469, 7492379608, 7498048742, 5852842303, 13027282913, 11032081643, 343718257, 2919870114, 5852842363, 1511767591, 5869103910, 3929044450, 5992018684, 5992021292, 5992021227, 9887063528, 2477660676, 5992021231, 5992021258, 5992018676, 2920005614, 5850344210, 5974111117, 5974111460, 7483443811, 7483443865, 7483443866, 5850344346, 5974111676, 6124094669, 5974111822, 5193555155, 5974111416, 11309708155, 5974111165, 3929031817, 3929055493, 6124094685, 6190638117, 5193528865, 5974111647, 5974111651, 5974108879, 5974108878, 5847616969, 6124094770, 5848427204, 5848427157, 5848427140, 2136390832, 3929055515, 12860029975, 6124094839, 2570363353, 3929055050, 5885419741, 12860065771, 12860065773, 5885419736, 12860065799, 12766567873, 5856180233, 5856180073, 5856180169, 5885419634, 5885419643]"
11034633324,5854747808,2,34518.76,"[11034633324, 4432317449, 4432317419, 4423533295, 5973795112, 5996559685, 5996559482, 5973795141, 8890520604, 8890503945, 5973794601, 4514085325, 4514085315, 12215421555, 5973931958, 5878405280, 5878405277, 6014073430, 5973838925, 8597676135, 8865925277, 7501851226, 6014073411, 11034632379, 6014073409, 11034628765, 4428865045, 5213827383, 5083003058, 11034632369, 12215421569, 2604507314, 12215421574, 11034632371, 5973837628, 4428701387, 5973838860, 6014072081, 5213784396, 12212373830, 5213784386, 5213784382, 6014072068, 5973838864, 3930138784, 3930138789, 5973838477, 5973839055, 5973839290, 3930137054, 5214085626, 12198134288, 3930138773, 7449327041, 1915009449, 7449227224, 8319214965, 1861654873, 1906488425, 5973839107, 7449113291, 1881956550, 1893456421, 1893195334, 1914109305, 5973838706, 5160531912, 3930105830, 12198349261, 12201180952, 12201180934, 5864871570, 5864871544, 5864894016, 5864871533, 12215421495, 12215421505, 5864897744, 5864871508, 11867191795, 12215360821, 5864944815, 12198541042, 5214069348, 12215360838, 3930107270, 5868821146, 3930107276, 9044121061, 9044121085, 5868828382, 5886601236, 8852132093, 8852121121, 5868832393, 8068350631, 13017681463, 5887062966, 5868802179, 5868802392, 12198541120, 12198541119, 5868802403, 5860388011, 1915055650, 5886107097, 3930089583, 3930089246, 3930089233, 5868802432, 3930089237, 5868802413, 3930096813, 5850874274, 3930096852, 5886107645, 5850874257, 5850874261, 3930096831, 3930096825, 3930096824, 3930096851, 3930096876, 3930096894, 7345313417, 5886106975, 5886106973, 5867276275, 5850995110, 6023042935, 11483502081, 7510819168, 5973875557, 5974287719, 5973875568, 5973875583, 3930096929, 3930096811, 5850995166, 3930096819, 8266308881, 8068309656, 8266308890, 3930096832, 8266308899, 3930096830, 6023751018, 5973876085, 5973876245, 5973876234, 10267014100, 10267014099, 5977388366, 5977388361, 5854748153, 3930097826, 8068309649, 5851128340, 8068309631, 5977388560, 5073260363, 8895294241, 4504053599, 4504053598, 5854747976, 12201206759, 12201206760, 12201206751, 5201321300, 5854748071, 5854747833, 5854747829, 5854747821, 12201206742, 5977388497, 5984257342, 5854747808]"
12198333168,5854747808,1,29909.09,"[12198333168, 4423513951, 12198333155, 8068084564, 8068084565, 8068084573, 12198333206, 12198333208, 8068084589, 9119988831, 8068084599, 4996208671, 1510429425, 8886807685, 8886794973, 8886757442, 9091137713, 7510459771, 8844701371, 8844701375, 8886757378, 1909580933, 1909580932, 12210508906, 12210508910, 1909580953, 1909582110, 1861713385, 5873242512, 5873242515, 1881945235, 1881944865, 10696893655, 2604459114, 1881944849, 1909586747, 1909586767, 1909586722, 5886282920, 5873231879, 5873224490, 5873220677, 5873220682, 5886282537, 5873220895, 11960017147, 11960017137, 5886282687, 11959958764, 11960000946, 8075003299, 8465003128, 5886283190, 11960246941, 11960246952, 5886283142, 4474769158, 4474769163, 11867242966, 4474769392, 4474769059, 4474767065, 4474767074, 1862504676, 8061389856, 8061389813, 5868978478, 5867898916, 5868979286, 5864396978, 4475888689, 5864396558, 5864396540, 5864396532, 5886106518, 5864396522, 5886105821, 5886105819, 5886105786, 5886105779, 5886105519, 5886105527, 5886105537, 5886105538, 10125791009, 5864396835, 5864396839, 4474749696, 4474749702, 5886107586, 5886107590, 5886105545, 5245387303, 4432383141, 5849823248, 5886106413, 5886106410, 5849823235, 4731721884, 5853144164, 5849834642, 8226970228, 2497052422, 11189384854, 5853144218, 7635143445, 2497052063, 5886105855, 2497052059, 5853144284, 5886108168, 4456415709, 5853144403, 5853144425, 5853144422, 5977388764, 5977388305, 12201206503, 12201206504, 12201206508, 12201206510, 5977388045, 5853192635, 5977388268, 2918216693, 2918212885, 5977388460, 2403411147, 2918216670, 8860921919, 8860921918, 8075003207, 5977387881, 1682779071, 6124071289, 5977388626, 3870918426, 5977388331, 5977387138, 5854748095, 5854748088, 5854748087, 3870918431, 5854747558, 5854748101, 4494013350, 4518984382, 5853460141, 4494013347, 4494013213, 5854747580, 5854747808]"
12173078302,5854747808,6,19762.75,"[12173078302, 12173078301, 12173025997, 11483613246, 8079732771, 8079732758, 8887443827, 8079732750, 8559020100, 12210465215, 12173078632, 8849046324, 3205829183, 1683508889, 5201277477, 12173078579, 7617570487, 8882428527, 8923110487, 8923110489, 8882407292, 8882394945, 8882407296, 8849089865, 7451673473, 7457018556, 7462197161, 7973849481, 7457018572, 7456978253, 7456989986, 7456978274, 7448163026, 7881223106, 8925412011, 7883620136, 8925427105, 8925403689, 8925673508, 4494024332, 6129318490, 4494024383, 5984257128, 8928317987, 5984257122, 5984257130, 8079733025, 6301121821, 8079733010, 8862269540, 12201206776, 12201206780, 12201206796, 12201206794, 5855891202, 4494013155, 5854747506, 12210502147, 5854747513, 4494014187, 8928632561, 11902128268, 5855842875, 8068350740, 5984257307, 5984256734, 8068350763, 5855842797, 5984257205, 5853479341, 4494013213, 5854747580, 5854747808]"
5974287716,5854747808,1,10549.72,"[5974287716, 5973876089, 5973875568, 5973875583, 3930096929, 3930096811, 5850995166, 3930096819, 8266308881, 8068309656, 8266308890, 3930096832, 8266308899, 3930096830, 6023751018, 5973876085, 5973876245, 5973876234, 8266311995, 5973876770, 5973876248, 5973876345, 4504035565, 5854748053, 6040210587, 4518984515, 4518984514, 6040204974, 6124071319, 6272133135, 4504056732, 5851128303, 5851129893, 4504053598, 12201206768, 8862973182, 8862974276, 12201206751, 5201321300, 5854748071, 5854747833, 5854747829, 5854747821, 12201206742, 5977388497, 5984257342, 5854747808]"
